voterId,name,age,gender,phone,email,address,state,pincode,aadhaarId,registrationDate
INDVOTER100100,Lila Sachdeva,37,Other,9987746901,lilasachdeva01@yahoo.com,"79, Krishna Marg, Guwahati-245886",Uttar Pradesh,322148,572751279454,2022-06-27
INDVOTER100917,Kashish Bail,27,Female,9585627669,kashishbail182@gmail.com,"099, Baria Nagar, Vijayawada 846006",Haryana,833545,009119158582,2023-09-19
INDVOTER100968,Qushi Iyer,67,Female,9403008747,qushiiyer2231@yahoo.com,"H.No. 74, Mishra Ganj, Alappuzha-432517",Meghalaya,512347,089077163388,2023-02-12
INDVOTER100916,Jason Mutti,78,Female,9906398406,jasonmutti3739@gmail.com,"H.No. 01, Virk Circle, Jehanabad 470863",Karnataka,003462,759448608708,2022-02-23
INDVOTER100047,Lekha Gill,60,Other,9037070852,lekhagill426@outlook.com,"07/858, Iyengar Circle, Uluberia 241519",Assam,729446,865684917064,2019-08-04
INDVOTER100636,Tarak Bahl,32,Female,9349458284,tarakbahl5798@outlook.com,"11/76, Behl Street, Bharatpur 466289",Meghalaya,384967,795794385989,2018-12-19
INDVOTER100852,Onkar Shroff,46,Female,9418400163,onkarshroff6848@yahoo.com,"H.No. 72, Kumer, Aurangabad-163425",Arunachal Pradesh,635131,845053317482,2023-09-21
INDVOTER100369,Bhavna Khalsa,45,Other,9475681785,bhavnakhalsa75@outlook.com,"234, Sidhu Chowk, Madurai-509019",Jharkhand,645981,975843723589,2017-02-05
INDVOTER100850,Tanish Purohit,80,Other,9468242393,tanishpurohit8688@outlook.com,"42/010, Goda Nagar, Davanagere-001788",Odisha,351247,121640505171,2021-10-30
INDVOTER100247,Gagan Sankaran,19,Other,9489358510,gagansankaran920@outlook.com,"H.No. 404, Sur Marg, Nanded 084581",Jharkhand,039309,295930518848,2019-04-25
INDVOTER100541,Om Iyengar,55,Other,9504125184,omiyengar10718@outlook.com,"752, Kala Path, Ulhasnagar 362574",Meghalaya,241007,148624606651,2023-11-13
INDVOTER100910,Avni Mannan,27,Female,9410040276,avnimannan11227@gmail.com,"99/753, Kade Ganj, Raiganj 773394",Gujarat,501084,496225071592,2017-01-24
INDVOTER100184,Dominic Kar,84,Male,9316939171,dominickar1262@gmail.com,"75/818, Mangat, Muzaffarpur 217284",Meghalaya,859746,342300906773,2016-04-28
INDVOTER100429,Girik Nadig,54,Male,9177650290,giriknadig13413@yahoo.com,"69, Amble, Morbi 233941",Odisha,499112,195815448040,2015-09-21
INDVOTER100949,Daksh Kar,80,Female,9848583626,dakshkar1430@gmail.com,"H.No. 43, Saini Circle, Nadiad 166289",Karnataka,763893,118856506218,2022-11-24
INDVOTER100019,Luke Natarajan,33,Other,9360907408,lukenatarajan15858@outlook.com,"H.No. 12, More Street, Maheshtala-977372",Bihar,793172,532212313187,2017-01-12
INDVOTER100880,Ekaraj Parsa,85,Male,9977132100,ekarajparsa16679@gmail.com,"99/588, Chopra Zila, Ongole 436459",Tripura,771097,728293218889,2018-02-24
INDVOTER100615,Yash Gour,77,Other,9781263684,yashgour1781@outlook.com,"72/490, Trivedi Zila, Bhubaneswar 276922",Andhra Pradesh,718976,860257777138,2016-03-26
INDVOTER100671,Ojas Misra,24,Other,9168977838,ojasmisra18577@outlook.com,"H.No. 11, Warrior Road, Patna 959502",Maharashtra,092888,003840135993,2015-12-09
INDVOTER100958,Baghyawati Hegde,19,Other,9935713839,baghyawatihegde19652@outlook.com,"H.No. 64, Sant Circle, Kalyan-Dombivli-595784",Telangana,768080,239589099411,2017-11-29
INDVOTER100838,Jagdish Dyal,83,Male,9794538745,jagdishdyal20472@gmail.com,"H.No. 166, Chana Circle, Jamalpur 538731",West Bengal,637971,305824117933,2020-07-21
INDVOTER100889,Gaurang Ganesh,75,Male,9550525938,gaurangganesh21877@yahoo.com,"19/95, Bumb Road, Madanapalle-879647",Mizoram,702406,889321802311,2018-06-20
INDVOTER100939,Harsh Mahal,80,Other,9369545735,harshmahal22631@outlook.com,"096, Bandi Nagar, Ballia-198828",Punjab,441966,320095146326,2020-03-08
INDVOTER100851,Janya Raghavan,66,Female,9775734351,janyaraghavan23622@yahoo.com,"82/31, Jain Ganj, Uluberia 923274",Meghalaya,971544,547742827170,2015-08-18
INDVOTER100280,Wahab Dhar,29,Other,9157074148,wahabdhar24801@yahoo.com,"84, Borra Road, Kolkata-137145",Haryana,403343,257640029376,2017-01-26
INDVOTER100079,Devansh Bhardwaj,39,Female,9279123478,devanshbhardwaj25337@outlook.com,"46/172, Nagi Chowk, Panihati 766007",Tripura,374374,440903886684,2016-07-12
INDVOTER100896,Dipta Ghose,54,Female,9170201668,diptaghose2613@gmail.com,"06/40, Kapoor Chowk, Hubli–Dharwad 503827",Himachal Pradesh,343671,677547972584,2022-01-12
INDVOTER100845,George Acharya,74,Other,9383735583,georgeacharya2791@yahoo.com,"H.No. 804, Luthra Chowk, Shimoga 020978",Karnataka,689120,872378225968,2020-10-29
INDVOTER100932,Arya Rao,84,Other,9306211766,aryarao28595@outlook.com,"488, Ramachandran Zila, Giridih 447637",Odisha,319454,666002934559,2018-04-11
INDVOTER100691,Devansh Tiwari,43,Other,9256376204,devanshtiwari29311@yahoo.com,"21/98, Mody Road, Sagar-422232",Bihar,844029,763199644936,2017-05-26
INDVOTER100058,Pooja Chand,30,Male,9237903271,poojachand30460@gmail.com,"H.No. 928, Mukherjee Path, Nagercoil-038990",Andhra Pradesh,645801,249744413375,2022-01-01
INDVOTER100859,Manan Mane,31,Female,9453051898,mananmane31347@yahoo.com,"14/910, Goswami Path, North Dumdum-976157",Madhya Pradesh,464825,744023847029,2023-03-12
INDVOTER100680,Chandresh Mane,80,Male,9518138719,chandreshmane32347@yahoo.com,"66/144, Badal Path, Guwahati 723134",Odisha,232605,425974492771,2018-06-08
INDVOTER100092,Rohan Sankaran,19,Male,9030318690,rohansankaran33880@outlook.com,"H.No. 13, Bala Chowk, Bally 547328",Meghalaya,585792,920795184842,2018-06-21
INDVOTER100220,Krish Rattan,27,Female,9554890294,krishrattan34376@outlook.com,"73/361, Char Road, Vijayanagaram-183648",Kerala,366163,981654961361,2021-10-24
INDVOTER100380,Yagnesh Nadkarni,28,Male,9646621065,yagneshnadkarni35329@outlook.com,"H.No. 54, Chanda Circle, Gangtok 996858",Andhra Pradesh,715328,583143390196,2023-10-20
INDVOTER100760,Geetika Lata,79,Other,9470859226,geetikalata36336@gmail.com,"66, Dada Path, Gandhidham-303732",Punjab,954960,715442766912,2022-03-06
INDVOTER100549,Ekaraj Sastry,54,Female,9178777466,ekarajsastry37506@yahoo.com,"H.No. 421, Chandran Circle, Mathura-300068",Nagaland,985852,230447386758,2022-06-18
INDVOTER100122,Yatin Walla,25,Male,9142275462,yatinwalla38502@outlook.com,"34, Wali Zila, Ramgarh 207142",Gujarat,671916,071858912818,2016-07-05
INDVOTER100947,Adya Salvi,88,Male,9714801008,adyasalvi39616@yahoo.com,"H.No. 95, Mahal Path, Avadi-669801",Goa,037092,415561106001,2022-11-05
INDVOTER100594,Aishani Guha,56,Female,9479571868,aishaniguha40142@gmail.com,"138, Loyal, Sasaram-300248",Rajasthan,771767,096787127289,2023-12-29
INDVOTER100067,Ikbal Sagar,63,Female,9448774080,ikbalsagar4135@yahoo.com,"49/137, Dhar Chowk, Shimoga-307660",Meghalaya,092874,526102803721,2016-12-26
INDVOTER100862,Samaksh Nadkarni,54,Male,9999800616,samakshnadkarni42725@yahoo.com,"H.No. 77, Chawla Chowk, Giridih-168303",Goa,325163,671986105872,2017-04-17
INDVOTER100592,Ridhi Menon,69,Female,9138204893,ridhimenon43772@yahoo.com,"H.No. 75, Bose Nagar, Kochi-036871",Andhra Pradesh,308980,481941775849,2023-12-19
INDVOTER100127,Naveen Gola,54,Other,9524648491,naveengola44727@yahoo.com,"59, Pall, Raipur 229239",West Bengal,599209,543128119872,2018-01-26
INDVOTER100732,Kashish Sarma,50,Male,9106440333,kashishsarma4542@outlook.com,"70, Sani Zila, Ranchi-038373",Uttar Pradesh,060124,741221112608,2019-10-28
INDVOTER100532,Maanas Kohli,40,Male,9592098994,maanaskohli46640@gmail.com,"H.No. 95, Sarin Zila, Berhampur 545709",Manipur,021916,063411320103,2021-01-14
INDVOTER100162,Ojas Misra,37,Male,9872158785,ojasmisra47135@outlook.com,"H.No. 570, Brahmbhatt Nagar, Orai 083022",Maharashtra,015030,893965336942,2022-02-04
INDVOTER100156,Yashodhara Zacharia,42,Male,9716454260,yashodharazacharia48367@gmail.com,"28, Bajwa Nagar, Berhampore-838641",Jharkhand,950749,571327264112,2018-03-12
INDVOTER100377,Yochana Chadha,82,Other,9844364185,yochanachadha49307@gmail.com,"74, Hayer Marg, Gwalior 192766",Meghalaya,615618,523797247080,2021-04-12
INDVOTER100610,Advaith Bali,85,Male,9788085980,advaithbali50716@outlook.com,"H.No. 128, Ganesh Path, Dindigul 535676",Uttarakhand,580139,434951717215,2020-11-18
INDVOTER100662,Yashoda Dara,23,Male,9123119098,yashodadara51389@outlook.com,"505, Sachdev Ganj, Muzaffarnagar-152328",Meghalaya,058068,517449191550,2018-02-04
INDVOTER100378,Ishita Tella,26,Female,9534724533,ishitatella52259@gmail.com,"H.No. 02, Bandi Nagar, Bhusawal 225929",Uttarakhand,338957,853199805672,2016-06-02
INDVOTER100338,Yutika Cheema,29,Female,9070662530,yutikacheema53925@outlook.com,"45, Chana Circle, Surat-434126",Goa,483006,530727200589,2017-07-28
INDVOTER101012,Hemangini Sankar,39,Other,9930531272,hemanginisankar54309@yahoo.com,"24/917, Kulkarni Path, Nandyal-779797",Himachal Pradesh,547212,782652575774,2019-01-01
INDVOTER100773,Jagat Kulkarni,88,Female,9688143853,jagatkulkarni55836@yahoo.com,"54/913, Seth Path, Tirupati-690891",Nagaland,614903,659303090121,2019-03-26
INDVOTER100712,Peter Anne,63,Female,9909087817,peteranne56578@yahoo.com,"052, Randhawa Zila, Pallavaram-782464",Odisha,843733,980957504021,2016-08-23
INDVOTER100194,Warhi Murty,52,Male,9518866476,warhimurty57948@outlook.com,"07/290, Dayal Marg, Raurkela Industrial Township-504516",Maharashtra,686737,195637250848,2022-11-20
INDVOTER100749,Anjali Pathak,57,Male,9214029063,anjalipathak58612@outlook.com,"98, Anne Nagar, Patna 544474",Himachal Pradesh,492207,865576855162,2015-02-10
INDVOTER100148,Hardik Patla,80,Other,9425586867,hardikpatla59967@yahoo.com,"H.No. 55, Lad Road, Alappuzha 695877",Karnataka,820877,477691490732,2019-06-30
INDVOTER100339,Hemangini Kohli,56,Female,9314366593,hemanginikohli60158@gmail.com,"77/54, Varkey Road, Kochi 745822",Himachal Pradesh,754180,619471508296,2022-07-04
INDVOTER100499,Dayita Bala,31,Female,9589617912,dayitabala61755@gmail.com,"131, Verma Street, Kulti-881865",Tripura,372498,052864277423,2020-02-14
INDVOTER100365,Leela Doshi,41,Female,9377209316,leeladoshi62256@yahoo.com,"77/14, Garg Path, Muzaffarnagar 523658",Telangana,614549,052193767935,2023-07-21
INDVOTER100812,Mahika Dua,70,Female,9551224017,mahikadua63498@outlook.com,"H.No. 51, Parmar, Hazaribagh-872635",Sikkim,714689,028185182505,2015-12-30
INDVOTER100719,Gautam Narang,84,Female,9923007047,gautamnarang64874@outlook.com,"H.No. 200, Korpal Ganj, Bhatpara-635988",Jharkhand,391710,169009129126,2017-12-12
INDVOTER100975,Rudra Loyal,39,Other,9804614782,rudraloyal65325@gmail.com,"48, Patel Path, Kakinada-702830",Tamil Nadu,083264,954260805863,2016-06-22
INDVOTER101011,Arjun Chaudry,43,Male,9981718025,arjunchaudry6641@outlook.com,"H.No. 33, Sahni Street, Rampur 759277",Gujarat,753833,299495751564,2020-02-25
INDVOTER100646,Prisha Mallick,73,Other,9128424423,prishamallick67682@outlook.com,"H.No. 734, Soni Zila, Faridabad-725768",Jharkhand,330206,736838659224,2023-06-03
INDVOTER100698,Chaitanya Kaul,19,Female,9142379393,chaitanyakaul68522@outlook.com,"H.No. 95, Garde Road, Bijapur 591383",Tamil Nadu,883230,002737946894,2020-08-02
INDVOTER100631,Radha Chakraborty,23,Female,9367442646,radhachakraborty69766@outlook.com,"H.No. 900, Majumdar Road, Guntakal 336930",Arunachal Pradesh,886262,393465509676,2022-08-21
INDVOTER100737,Jackson Wadhwa,40,Male,9904161209,jacksonwadhwa70176@gmail.com,"17/819, Borra Path, Madhyamgram 125621",Tamil Nadu,615661,589777937565,2016-04-13
INDVOTER100084,Vrinda Chaudhary,80,Other,9055696889,vrindachaudhary71490@yahoo.com,"832, Sankaran Road, Karawal Nagar 142795",Karnataka,965110,126834942728,2016-03-26
INDVOTER100170,Ikbal Sachar,36,Female,9048760082,ikbalsachar72122@outlook.com,"73/763, Vala Street, New Delhi 360773",Madhya Pradesh,576199,956524604427,2022-06-06
INDVOTER100563,Krisha Raman,53,Female,9980120353,krisharaman73987@yahoo.com,"967, Nagar, Shivpuri-126366",Kerala,239320,755327944981,2018-07-24
INDVOTER100433,Widisha Sood,90,Female,9704726193,widishasood74144@outlook.com,"H.No. 784, Narasimhan Chowk, Delhi 873427",Arunachal Pradesh,073698,438588410875,2017-01-09
INDVOTER100713,Aashi Bhavsar,27,Male,9712240324,aashibhavsar75166@outlook.com,"59/499, Varty Ganj, Jamnagar-094299",Meghalaya,819193,497686475674,2019-07-20
INDVOTER100641,Chakradhar Desai,51,Male,9959308820,chakradhardesai76311@outlook.com,"H.No. 81, Yadav Street, Jhansi 204394",Karnataka,627687,188230220109,2017-05-16
INDVOTER100486,Kiaan Wali,65,Female,9572197009,kiaanwali7752@gmail.com,"H.No. 45, Mani Nagar, Etawah-427515",Telangana,671465,637091054089,2019-10-06
INDVOTER100784,Naksh Zachariah,88,Other,9044559246,nakshzachariah7840@outlook.com,"975, Khosla Chowk, Rourkela-051746",Gujarat,459145,922132596287,2015-03-22
INDVOTER100404,Frado Divan,37,Female,9535797413,fradodivan79156@yahoo.com,"048, Sagar Street, Adoni 886195",Meghalaya,192054,187866534589,2016-05-07
INDVOTER100139,Bhavika Subramanian,22,Male,9886204970,bhavikasubramanian80967@outlook.com,"H.No. 714, Doshi Marg, Mira-Bhayandar 796257",Punjab,387514,223112208566,2023-03-09
INDVOTER100814,Lakshmi Tandon,41,Other,9807539791,lakshmitandon81315@yahoo.com,"H.No. 40, Nath Path, Nizamabad-729710",Haryana,461772,191164437662,2018-04-03
INDVOTER100544,Neel Kibe,32,Female,9156231159,neelkibe82282@outlook.com,"083, Bali Ganj, Ajmer 232914",Odisha,148138,233228444553,2016-11-28
INDVOTER100158,Chakrika Peri,69,Other,9993857832,chakrikaperi83942@gmail.com,"886, Sarraf Street, Berhampore-048329",Meghalaya,899085,579145519033,2016-05-18
INDVOTER100326,Varenya Sekhon,77,Female,9729684200,varenyasekhon84880@outlook.com,"93/948, Venkatesh Zila, Amaravati 074027",Gujarat,333770,436399783468,2019-10-27
INDVOTER100751,Ekalinga Hayre,83,Other,9322371930,ekalingahayre85380@yahoo.com,"23, Rao Circle, Mirzapur-255136",Arunachal Pradesh,150168,156393355906,2022-03-20
INDVOTER100201,Vivaan Pal,35,Male,9178611185,vivaanpal8623@gmail.com,"30/73, Deshpande Chowk, Sikar-485042",Gujarat,020408,057782817146,2022-07-22
INDVOTER100360,William Taneja,27,Other,9713468381,williamtaneja87838@yahoo.com,"H.No. 99, Kata Circle, Kishanganj-117693",Arunachal Pradesh,714955,691144966184,2015-11-04
INDVOTER100706,Vritti Sibal,61,Male,9131460879,vrittisibal88831@yahoo.com,"296, Kala Circle, Mango 458450",Andhra Pradesh,003537,008219081424,2021-03-07
INDVOTER100305,Daksha Salvi,21,Other,9656761465,dakshasalvi89558@gmail.com,"H.No. 937, Pillai Zila, Ambarnath 583019",Telangana,338792,960857139766,2021-05-28
INDVOTER100135,Ikbal Bedi,66,Female,9716772880,ikbalbedi90226@gmail.com,"H.No. 06, Chhabra Road, Bellary-400534",Tamil Nadu,198119,234221073041,2020-08-21
INDVOTER100470,Fariq Lanka,32,Female,9635926341,fariqlanka91940@outlook.com,"H.No. 536, Oommen Circle, Katihar 420828",Manipur,146633,541604209844,2021-04-19
INDVOTER100920,Ekavir Pillai,20,Other,9779978938,ekavirpillai925@outlook.com,"99, Swaminathan Chowk, Suryapet 017521",Mizoram,545123,458333603787,2019-01-21
INDVOTER100587,Upkaar Ganesh,67,Other,9900758085,upkaarganesh93971@gmail.com,"03, Rattan Street, Begusarai 410375",Uttar Pradesh,399836,486965639045,2015-01-05
INDVOTER100638,Manthan Kota,30,Other,9288508353,manthankota94164@gmail.com,"H.No. 98, Gara Zila, Bellary 448841",Tamil Nadu,605505,359892750520,2019-08-22
INDVOTER100683,Anthony Gandhi,73,Female,9963403460,anthonygandhi9596@gmail.com,"64/74, Ratta Ganj, Danapur 304779",Assam,528538,884646061154,2018-07-21
INDVOTER100993,Warhi Garg,46,Other,9002511643,warhigarg96918@gmail.com,"53, Sagar Road, Bhubaneswar-755902",Bihar,409700,160265112081,2022-06-25
INDVOTER100801,Diya Wali,45,Male,9078817334,diyawali97575@gmail.com,"46, Anand Chowk, Coimbatore-954760",Manipur,291418,448542083509,2017-08-12
INDVOTER100462,Chameli Prabhu,55,Other,9634523454,chameliprabhu9824@yahoo.com,"H.No. 120, Reddy, Narasaraopet 019069",West Bengal,279864,210009717038,2015-01-25
INDVOTER100885,Nitara Rege,65,Male,9910355876,nitararege99153@yahoo.com,"H.No. 00, Morar Street, Jamnagar-968452",Gujarat,318129,355167150626,2015-10-02
INDVOTER100637,Hema Sem,41,Other,9027863541,hemasem100959@outlook.com,"H.No. 576, Banik Road, Visakhapatnam 062132",Kerala,356987,524013675495,2021-11-13
INDVOTER100481,Amaira Narayan,45,Female,9305350631,amairanarayan101525@gmail.com,"28, Deshpande Path, Mau-057702",Bihar,135028,041602799967,2017-03-25
INDVOTER100414,Sudiksha Verma,48,Male,9441214194,sudikshaverma102744@gmail.com,"751, Mane Nagar, Kolhapur-130770",Maharashtra,011764,193969655417,2021-06-13
INDVOTER100276,Falan Hari,87,Other,9705813997,falanhari103596@yahoo.com,"47, Sabharwal, Pali 222754",Maharashtra,869576,649810835022,2018-04-21
INDVOTER100797,Lakshit Badami,33,Other,9190104791,lakshitbadami10443@outlook.com,"H.No. 27, Kadakia Zila, Junagadh-612062",Odisha,644561,382529024803,2022-07-25
INDVOTER100953,Sara Sundaram,20,Female,9863789961,sarasundaram105692@outlook.com,"61, Contractor Nagar, Siwan 068089",West Bengal,308876,977922865686,2018-06-06
INDVOTER100937,Owen Madan,67,Female,9448460307,owenmadan106763@outlook.com,"H.No. 174, Mand Road, Dehradun-711626",Meghalaya,164942,985337253711,2015-06-01
INDVOTER101100,Samaksh Gera,51,Female,9732216335,samakshgera107639@gmail.com,"99, Singh Street, Panchkula-726089",Nagaland,686674,631591272150,2020-08-14
INDVOTER100311,Ekapad Kuruvilla,87,Male,9690277658,ekapadkuruvilla108318@gmail.com,"25/11, Rama Zila, Tirunelveli 142763",Tamil Nadu,241547,947793968167,2022-06-05
INDVOTER101034,Wriddhish Shenoy,18,Male,9215380951,wriddhishshenoy109161@gmail.com,"H.No. 42, Trivedi Circle, Alappuzha 911227",Kerala,815719,902266076326,2019-02-21
INDVOTER100528,Vritti Rastogi,74,Female,9365802377,vrittirastogi110683@gmail.com,"565, Golla Zila, Etawah 401226",Tripura,629471,608346173650,2020-05-24
INDVOTER100923,Zehaan Gade,24,Female,9313832282,zehaangade111579@yahoo.com,"83/588, Karpe Zila, Rajpur Sonarpur-919621",Bihar,329585,628297060271,2017-02-22
INDVOTER100244,Barkha Bora,89,Female,9746689837,barkhabora112205@yahoo.com,"H.No. 467, Tripathi, Jalgaon-277040",Uttar Pradesh,000434,781169411160,2015-08-20
INDVOTER101098,Shivani Talwar,48,Female,9209013205,shivanitalwar113961@gmail.com,"29, Issac Path, Coimbatore 936857",Tripura,078051,423215596869,2021-06-27
INDVOTER100948,Qadim Mangat,86,Other,9650602035,qadimmangat114461@gmail.com,"09, Sane Chowk, Bidar-791085",Odisha,995586,277620181017,2018-02-15
INDVOTER100734,Lohit Dhar,32,Female,9809526357,lohitdhar115514@outlook.com,"76/862, Som Marg, Farrukhabad 103678",Bihar,299499,227077453836,2019-09-30
INDVOTER100672,Meghana Buch,48,Other,9600833938,meghanabuch11647@yahoo.com,"H.No. 779, Bahl Ganj, Bally-054709",Tamil Nadu,119056,610627737267,2015-04-04
INDVOTER100144,Caleb Handa,47,Other,9353349601,calebhanda117825@outlook.com,"H.No. 03, Oak, Anantapuram-491551",Sikkim,714463,056560774927,2020-06-21
INDVOTER100591,Aarnav Shah,47,Female,9745689215,aarnavshah1184@yahoo.com,"H.No. 40, Ray Circle, Jalgaon-106283",Tripura,410304,036635448001,2016-02-16
INDVOTER100149,Krish Pau,47,Female,9805162037,krishpau119259@yahoo.com,"21, Bandi Chowk, Thiruvananthapuram-317417",Bihar,164309,177412924645,2017-05-18
INDVOTER100398,Ganga Mallick,76,Other,9060464577,gangamallick120545@outlook.com,"H.No. 39, Kakar Path, Dehri 230685",West Bengal,616371,622951605607,2023-06-18
INDVOTER100250,Aadhya Chaudry,56,Male,9528769763,aadhyachaudry121553@gmail.com,"91/077, Prashad Circle, Durgapur-528113",Andhra Pradesh,078691,848565894656,2021-06-07
INDVOTER100265,Veer Dhar,69,Female,9815767379,veerdhar122428@gmail.com,"H.No. 06, Deshpande Street, Kolhapur-452855",Punjab,738924,632334772192,2017-03-22
INDVOTER100898,Omkaar Panchal,31,Male,9258744859,omkaarpanchal123646@yahoo.com,"71, Sathe Road, Jalandhar 611905",Kerala,539825,332720966029,2020-06-20
INDVOTER100138,Aarush Shan,48,Other,9581185029,aarushshan124219@gmail.com,"H.No. 65, Saraf, Loni-895999",Meghalaya,080691,211456643998,2015-07-05
INDVOTER100476,Samaksh Patil,39,Female,9306107714,samakshpatil125182@yahoo.com,"13/05, Som Circle, Raichur-043930",Chhattisgarh,299203,663481247393,2023-02-25
INDVOTER100181,Rudra Bhatnagar,74,Other,9203174328,rudrabhatnagar126212@gmail.com,"74, Tiwari Road, Chennai 020863",Tamil Nadu,166387,465500121344,2019-12-08
INDVOTER100256,Hitesh Gade,25,Male,9047168077,hiteshgade127693@gmail.com,"81/349, Thaker, Shimoga-724221",Tamil Nadu,954058,226757291721,2016-11-24
INDVOTER100724,Darsh Misra,75,Female,9458871160,darshmisra128482@gmail.com,"35/050, Sheth Street, Suryapet 418211",Nagaland,606916,333018199252,2018-07-03
INDVOTER100439,Laban Tella,30,Female,9349585685,labantella129850@gmail.com,"H.No. 51, Kapadia Zila, Tinsukia-274658",Manipur,078843,243164813961,2019-02-15
INDVOTER100624,Anirudh Patla,68,Female,9588414018,anirudhpatla130277@gmail.com,"02/266, Hora Street, Varanasi 499393",Uttar Pradesh,782098,625141852901,2015-04-23
INDVOTER100928,Kai Bir,46,Male,9023447734,kaibir131511@gmail.com,"H.No. 40, Master Street, Arrah-855075",Arunachal Pradesh,703189,138453097981,2020-08-25
INDVOTER101060,Ethan Hegde,48,Female,9694245343,ethanhegde132337@yahoo.com,"H.No. 58, Virk Chowk, Karnal-426906",Chhattisgarh,577607,758979316751,2022-05-27
INDVOTER100405,Ikshita Gokhale,83,Other,9926596015,ikshitagokhale133888@yahoo.com,"H.No. 220, Kulkarni Path, Jalgaon 798790",Uttarakhand,872242,337274925269,2018-05-14
INDVOTER100612,Hemal Bedi,31,Other,9997317390,hemalbedi13453@yahoo.com,"85, Tara Chowk, Tirupati 922240",Tamil Nadu,817881,211226378751,2015-07-20
INDVOTER100582,Jason Choudhary,57,Female,9953802902,jasonchoudhary135567@outlook.com,"H.No. 98, Mangal Circle, Muzaffarnagar-163845",Kerala,263224,383943204865,2019-05-07
INDVOTER100411,Jairaj Biswas,60,Other,9528935690,jairajbiswas13684@yahoo.com,"H.No. 675, Oak Circle, Karawal Nagar-006738",Manipur,962309,611836570436,2019-05-01
INDVOTER100286,Samarth Comar,79,Male,9732749613,samarthcomar137774@gmail.com,"18, Parikh Nagar, Tinsukia 394921",Mizoram,421627,330557983366,2017-12-12
INDVOTER100524,Aditya Vala,59,Female,9963480516,adityavala138152@outlook.com,"H.No. 780, Choudhury Circle, Bokaro-244888",Arunachal Pradesh,291268,326502343126,2019-02-09
INDVOTER100526,Suhani Raval,72,Female,9136167081,suhaniraval139377@outlook.com,"H.No. 18, Sengupta Road, Danapur-629950",Jharkhand,602349,369690251205,2015-09-17
INDVOTER101006,Isha Deo,59,Male,9647810228,ishadeo14019@yahoo.com,"59/325, Chander Circle, Hyderabad-427087",Odisha,876594,066822005752,2021-06-05
INDVOTER100538,Praneel Upadhyay,61,Female,9540256289,praneelupadhyay141807@gmail.com,"04/21, Ramanathan, Kharagpur-555857",Madhya Pradesh,752739,566139144658,2020-07-01
INDVOTER101092,Widisha Kohli,44,Other,9164870539,widishakohli142301@gmail.com,"11, Choudhury Nagar, Bangalore-410718",Rajasthan,362353,252445350530,2022-08-07
INDVOTER101134,Charvi Chopra,78,Other,9189188047,charvichopra143368@yahoo.com,"51/206, Dave Street, Allahabad-557655",Meghalaya,562404,472361541637,2017-06-08
INDVOTER100699,Ati Ravi,34,Male,9429563701,atiravi144440@gmail.com,"31/85, Chana Street, Tirupati 541116",Haryana,864781,647300972696,2021-03-11
INDVOTER100434,Frederick Dey,58,Other,9717341352,frederickdey145138@gmail.com,"H.No. 47, Prasad Nagar, Berhampur-873107",Punjab,162977,875133735709,2016-10-16
INDVOTER100804,Mitali Mand,44,Male,9946095540,mitalimand14633@outlook.com,"H.No. 99, Prakash Path, Gudivada-182171",Jharkhand,065054,418517636715,2021-10-29
INDVOTER100174,Siddharth Narang,23,Male,9057008472,siddharthnarang147806@outlook.com,"H.No. 298, Anne Chowk, Loni 922169",Mizoram,430196,766885716292,2023-04-03
INDVOTER100627,Meera Bail,49,Male,9409322430,meerabail14847@yahoo.com,"11, Balakrishnan Circle, Pallavaram-127239",Bihar,797091,353377282503,2017-01-20
INDVOTER100830,Balvan Goda,57,Other,9916509229,balvangoda149819@yahoo.com,"301, Sen Road, Hapur-692967",Uttar Pradesh,841015,605405014711,2022-03-14
INDVOTER100366,Janani Gopal,84,Male,9904402128,jananigopal150714@outlook.com,"243, Rao Road, Hapur 199742",Goa,282265,177172259582,2022-06-05
INDVOTER100294,Diya Dani,61,Male,9088191877,diyadani151537@yahoo.com,"H.No. 119, Shan Path, Dewas-340996",Mizoram,471225,988383949479,2015-07-17
INDVOTER100536,Hemani Bhatia,59,Male,9561928353,hemanibhatia152910@outlook.com,"09/987, Shere Nagar, Meerut 344838",West Bengal,823716,557860027389,2019-04-15
INDVOTER100938,Hritik Merchant,57,Female,9877482572,hritikmerchant153162@yahoo.com,"H.No. 36, Lalla Circle, Gwalior-937159",Gujarat,418905,422277281044,2022-07-30
INDVOTER100714,Mohammed Thakkar,55,Female,9293058826,mohammedthakkar154892@gmail.com,"895, Jhaveri Marg, Ujjain-581350",Himachal Pradesh,315677,493432575041,2016-03-13
INDVOTER100651,Eshana Nagi,52,Male,9086339551,eshananagi155493@yahoo.com,"764, Rai Street, Adoni-472663",Himachal Pradesh,334159,165433708028,2019-03-11
INDVOTER101064,Kabir Prabhakar,54,Female,9078838248,kabirprabhakar156924@gmail.com,"20/998, Savant Ganj, Mahbubnagar 764865",Bihar,746645,446640440771,2023-06-16
INDVOTER100841,Prisha Loke,27,Male,9387223893,prishaloke157895@yahoo.com,"15, Sodhi Chowk, Sangli-Miraj & Kupwad 858506",Odisha,979911,752920109312,2021-12-25
INDVOTER100440,Xiti Contractor,76,Female,9855460359,xiticontractor158933@yahoo.com,"966, Ganguly Road, Kumbakonam 693014",Sikkim,043265,934426869477,2020-03-23
INDVOTER100241,Arjun Goswami,25,Male,9350207962,arjungoswami159619@outlook.com,"79/66, Dewan Zila, Jhansi 045795",Uttar Pradesh,534497,512871095420,2015-11-19
INDVOTER100858,Xiti Dhingra,90,Female,9038169642,xitidhingra160217@outlook.com,"00, Kata Road, Jorhat-355713",Gujarat,275368,158081228033,2022-03-03
INDVOTER100693,Bakhshi Sani,30,Male,9811925167,bakhshisani161680@gmail.com,"31/601, Kata, Kulti-780280",Punjab,215073,505495689864,2023-01-25
INDVOTER100787,Gautami Kadakia,89,Female,9313743471,gautamikadakia162816@outlook.com,"H.No. 597, Chopra Road, Chandigarh 747249",Gujarat,354536,717669271009,2019-02-25
INDVOTER100442,Libni Venkatesh,72,Female,9734454734,libnivenkatesh163207@yahoo.com,"H.No. 217, Sridhar, Farrukhabad-346772",Mizoram,800494,387141041778,2016-07-02
INDVOTER100632,Isaac D’Alia,52,Other,9502827463,isaacd’alia164122@yahoo.com,"H.No. 683, Chatterjee Path, Unnao-296291",Gujarat,516547,743505447955,2022-04-25
INDVOTER100381,Rushil Baria,48,Female,9139845977,rushilbaria165541@yahoo.com,"42, Bath Road, Sri Ganganagar-909504",Tripura,653380,448358938146,2017-05-07
INDVOTER100363,Isaiah Ben,34,Female,9801527526,isaiahben166332@gmail.com,"55, Mittal Circle, Gorakhpur-213089",Himachal Pradesh,508817,127155453878,2019-03-21
INDVOTER100287,Fariq Goel,83,Other,9954539764,fariqgoel167762@gmail.com,"32/543, Sarma Chowk, Mumbai-670586",Maharashtra,492890,184018645269,2019-11-10
INDVOTER100600,Vasatika Narang,30,Male,9084871543,vasatikanarang168927@yahoo.com,"99/20, Banik Ganj, Nagpur-411339",Jharkhand,078321,660353209082,2020-02-21
INDVOTER100330,Falan Hayre,52,Male,9511995353,falanhayre169264@outlook.com,"H.No. 51, Parmer Street, Darbhanga 118279",West Bengal,501617,848592373011,2016-03-13
INDVOTER100873,Elijah Rau,28,Female,9097075460,elijahrau170703@outlook.com,"706, Gara Street, Rajahmundry 313640",Kerala,901531,496023455475,2015-10-23
INDVOTER101143,Kavya Chadha,84,Female,9168797566,kavyachadha171924@gmail.com,"H.No. 243, Dass Zila, Raipur-699468",Himachal Pradesh,654777,939795798944,2020-09-13
INDVOTER101126,Chandresh Walla,77,Female,9681797818,chandreshwalla17295@outlook.com,"H.No. 413, Verma Chowk, Siwan-274592",Tamil Nadu,963122,926072641674,2020-09-23
INDVOTER100496,Zehaan Chaudry,20,Male,9796375838,zehaanchaudry173183@gmail.com,"H.No. 75, Minhas Ganj, Morena-029660",Madhya Pradesh,862538,442649229715,2021-06-30
INDVOTER100195,Jagdish Saini,51,Other,9080669778,jagdishsaini174808@outlook.com,"84, Chacko Ganj, Kota-771093",West Bengal,482013,865592574112,2020-03-07
INDVOTER100205,Chameli Mukhopadhyay,48,Male,9691427367,chamelimukhopadhyay175354@yahoo.com,"49/46, Bala Path, Pudukkottai-260515",Bihar,055789,335379529630,2021-09-08
INDVOTER100530,Lipika Modi,90,Male,9384369798,lipikamodi176557@gmail.com,"59, Malhotra, Bhind 150877",Assam,639294,426196881903,2016-05-23
INDVOTER100319,Ronith Dube,65,Male,9055082814,ronithdube177962@outlook.com,"95/640, Murthy Circle, Berhampore 259780",Odisha,252158,059398528585,2023-07-02
INDVOTER100746,Udyati Chawla,54,Female,9879531596,udyatichawla178802@yahoo.com,"596, Mohan Ganj, Kharagpur-719929",Maharashtra,548000,659241729083,2020-08-05
INDVOTER101161,Jalsa Khurana,19,Male,9580081702,jalsakhurana179854@gmail.com,"H.No. 523, Issac Chowk, Madurai-301175",Bihar,255028,916746432216,2019-07-02
INDVOTER101078,Oni Nayar,18,Female,9073324708,oninayar180716@outlook.com,"H.No. 529, Varghese Ganj, Begusarai 794700",Tamil Nadu,941929,582301813960,2015-01-23
INDVOTER101166,Anay Upadhyay,52,Female,9075985242,anayupadhyay181668@gmail.com,"H.No. 194, Sachdeva Ganj, Bhusawal-373257",Haryana,710970,838180551157,2020-08-11
INDVOTER101174,Leela Sarraf,24,Male,9926100840,leelasarraf182923@outlook.com,"771, Kothari Road, Nanded-551457",Haryana,311777,166911707694,2017-12-01
INDVOTER100297,Daksha Hayre,71,Female,9421039846,dakshahayre183390@yahoo.com,"980, Varkey Zila, Pimpri-Chinchwad 960843",Bihar,106561,485399494551,2023-06-04
INDVOTER100605,Benjamin Upadhyay,72,Male,9653717557,benjaminupadhyay184115@yahoo.com,"00/35, Chana Street, Anantapuram 085644",Madhya Pradesh,643345,871169608208,2018-09-29
INDVOTER100715,Tripti Sahota,59,Other,9941729990,triptisahota185876@yahoo.com,"93/07, Tella Street, Agartala-816030",Maharashtra,110977,263650291099,2017-12-19
INDVOTER101165,Chakradev Atwal,86,Male,9590017228,chakradevatwal186798@outlook.com,"H.No. 969, Raval, Bhilai 466727",Jharkhand,408940,670219820847,2018-03-27
INDVOTER101180,Pushti Narayan,85,Female,9962006600,pushtinarayan187425@gmail.com,"27/30, Savant Chowk, Bhiwani-899309",Tamil Nadu,959949,943387346718,2020-05-29
INDVOTER101020,Ishani Mann,21,Male,9805303416,ishanimann188451@outlook.com,"92/464, Deol Nagar, Ichalkaranji-683559",Andhra Pradesh,636307,524453086309,2022-03-09
INDVOTER101023,Faris Boase,49,Other,9184719875,farisboase189247@yahoo.com,"597, Subramaniam Chowk, Tinsukia-621837",Telangana,185973,188942484090,2018-10-21
INDVOTER100776,Gagan Balasubramanian,49,Male,9434109811,gaganbalasubramanian190535@gmail.com,"H.No. 21, Bala Road, Sikar-251018",Karnataka,405732,770839208949,2015-06-21
INDVOTER100867,Janani Sengupta,20,Other,9485355149,jananisengupta191914@yahoo.com,"27, Dubey, Cuttack 039939",Nagaland,289147,219785261507,2017-03-23
INDVOTER100448,Naksh Dewan,90,Other,9996148994,nakshdewan192203@outlook.com,"598, Chadha Circle, Latur-491677",Bihar,334017,976456602715,2016-12-12
INDVOTER100679,Upadhriti Reddy,44,Male,9784865502,upadhritireddy193329@outlook.com,"H.No. 551, Mann Path, Karnal-573654",Madhya Pradesh,208224,141912918113,2023-01-27
INDVOTER100642,Lavanya Chad,74,Male,9986297448,lavanyachad194432@gmail.com,"139, Bose, Bareilly 817873",Assam,334958,061660315274,2021-06-04
INDVOTER100403,Leena Bail,29,Other,9756538127,leenabail195157@gmail.com,"H.No. 543, Kulkarni Road, Kota-016438",Nagaland,591248,759654238347,2016-05-20
INDVOTER101000,Max Anne,69,Female,9725657886,maxanne196879@yahoo.com,"H.No. 742, Manda Chowk, Mau-566297",Tamil Nadu,658534,964246542782,2020-07-28
INDVOTER100240,Dalaja Bal,36,Other,9897304612,dalajabal197986@yahoo.com,"H.No. 201, Bhargava Ganj, Machilipatnam-368565",Maharashtra,264338,873891829577,2019-12-22
INDVOTER100596,Isha Shenoy,65,Male,9374877838,ishashenoy198567@yahoo.com,"H.No. 59, Mukherjee Circle, Yamunanagar-039944",Tamil Nadu,021527,391210285289,2018-07-03
INDVOTER101120,Owen Patla,68,Female,9699260007,owenpatla199788@outlook.com,"379, Bath Path, Bidar-991749",Mizoram,812225,712572540594,2019-01-30
INDVOTER100839,Abhiram Ganesan,68,Female,9630189001,abhiramganesan200824@gmail.com,"85/45, Grewal Chowk, Vadodara-286377",Uttarakhand,354921,793438446406,2021-10-16
INDVOTER100325,Dhruv Naik,26,Male,9580418216,dhruvnaik201868@outlook.com,"H.No. 22, Manne Marg, Katni-737397",Rajasthan,217953,905715164052,2021-09-20
INDVOTER100348,Pranav Garde,72,Male,9153628306,pranavgarde202117@gmail.com,"723, Raj Circle, Katni 433541",Rajasthan,702365,686855983499,2016-10-14
INDVOTER100460,Ekantika Ghosh,31,Female,9667315269,ekantikaghosh203694@gmail.com,"96/013, Gokhale Marg, Kochi 920360",Tamil Nadu,276475,562117268452,2015-10-27
INDVOTER101043,Sai Munshi,72,Female,9036961705,saimunshi204644@gmail.com,"H.No. 13, Mann Zila, Ambala 044188",Telangana,089153,784966133109,2017-09-22
INDVOTER100537,Isha Sabharwal,37,Female,9750254335,ishasabharwal205598@yahoo.com,"18/588, Jani, Pondicherry 837580",Bihar,651989,626239294948,2015-01-11
INDVOTER100809,Charita Sengupta,59,Male,9276771769,charitasengupta206209@gmail.com,"04/205, Goswami Path, Narasaraopet 267927",Nagaland,372373,218436118097,2023-09-10
INDVOTER101048,Gaurangi Thakkar,78,Female,9639170219,gaurangithakkar207530@outlook.com,"26/754, Som Street, Avadi-939887",Punjab,244238,954148211140,2016-06-20
INDVOTER101058,Banjeet Nagi,21,Female,9556087158,banjeetnagi208611@outlook.com,"774, Mukhopadhyay Chowk, Korba 686756",Rajasthan,571065,936695048830,2020-04-05
INDVOTER100855,Sneha Srinivas,27,Other,9928013637,snehasrinivas209536@outlook.com,"93/700, Jain Road, Sambhal 369406",Himachal Pradesh,724198,026568401799,2023-10-05
INDVOTER100754,Priya Nanda,50,Female,9507580711,priyananda210747@gmail.com,"86/686, Prasad Road, Dhule 903058",Uttarakhand,225722,007679951650,2023-09-04
INDVOTER100284,Siddharth Ben,68,Female,9673514291,siddharthben211147@gmail.com,"633, Vasa Street, Vijayanagaram 073296",Uttarakhand,878597,044737329250,2022-05-28
INDVOTER101139,Dalaja Ahluwalia,84,Male,9581682501,dalajaahluwalia212134@yahoo.com,"17/268, Bava Marg, Sultan Pur Majra-455357",Haryana,242638,482494101996,2019-04-05
INDVOTER100595,Umang Chaudhari,52,Other,9523556085,umangchaudhari213228@yahoo.com,"986, Mani Circle, Malda 562410",Bihar,969471,895196255815,2022-05-31
INDVOTER100935,Dhriti Palla,26,Male,9088086116,dhritipalla214480@outlook.com,"H.No. 16, Banerjee Marg, Bhiwani 631865",Uttarakhand,393444,540189744007,2020-09-08
INDVOTER100266,Anirudh Ramachandran,81,Other,9665373240,anirudhramachandran215815@outlook.com,"87, Khatri, Naihati-735341",Meghalaya,189148,027559914104,2015-12-24
INDVOTER100985,Kavya Thaman,54,Male,9585933606,kavyathaman216777@yahoo.com,"20, Dasgupta Ganj, Pudukkottai-863842",Assam,708616,409778662498,2020-10-31
INDVOTER100397,Jagrati Bhardwaj,54,Female,9188564449,jagratibhardwaj217704@gmail.com,"H.No. 707, Sangha Circle, Bangalore-354856",Bihar,616018,175916194222,2020-09-28
INDVOTER100914,Yoshita Rai,53,Female,9560674089,yoshitarai21827@yahoo.com,"H.No. 700, Raj Street, Kamarhati-244417",Rajasthan,483752,516343305290,2022-10-20
INDVOTER100467,Eshana Borra,59,Male,9469265072,eshanaborra219810@gmail.com,"06/859, Prasad Nagar, Jabalpur 607066",Odisha,118709,045644391348,2021-11-05
INDVOTER100811,Ekansh Rajagopalan,37,Male,9534473482,ekanshrajagopalan220932@outlook.com,"49, Vaidya Street, Silchar-262386",Jharkhand,259006,828252485322,2016-08-02
INDVOTER101190,Raagini Borah,72,Female,9451655304,raaginiborah221974@gmail.com,"276, Sharaf Ganj, Belgaum-872795",Mizoram,141435,952606632037,2020-09-21
INDVOTER100254,Hemal Varughese,61,Male,9779341426,hemalvarughese222998@outlook.com,"05/66, Keer Nagar, Tenali 543746",Jharkhand,346936,251809852725,2019-03-13
INDVOTER100835,Megha Kalita,28,Female,9275499859,meghakalita223566@gmail.com,"H.No. 013, Gill Road, Madanapalle 514522",Chhattisgarh,178847,669159822400,2020-12-09
INDVOTER101102,Yashodhara Agate,29,Female,9726187724,yashodharaagate22485@gmail.com,"94/42, Walia Road, Nagpur-371427",Tripura,035646,835092665716,2023-06-03
INDVOTER100550,Tanmayi Sharaf,28,Other,9036891874,tanmayisharaf22588@outlook.com,"73/54, Gola Zila, Barasat 848326",Kerala,031944,585064186610,2018-07-31
INDVOTER100492,Tara Gole,38,Female,9476950242,taragole226375@gmail.com,"19, Khare Circle, Tirunelveli-332263",Arunachal Pradesh,347734,059474108996,2019-11-04
INDVOTER100572,Aarnav Deol,61,Other,9923403260,aarnavdeol227393@gmail.com,"H.No. 886, Golla Zila, Karimnagar-180117",West Bengal,899700,592362549778,2015-11-21
INDVOTER100659,Vasudha Natt,38,Other,9046897256,vasudhanatt228110@yahoo.com,"H.No. 46, Narayan Zila, Eluru 691118",Jharkhand,085075,507024964725,2022-12-22
INDVOTER101196,Arin Subramanian,66,Female,9425213808,arinsubramanian229182@yahoo.com,"H.No. 74, Rajagopal Nagar, Unnao 050160",Karnataka,724619,320359094566,2018-06-14
INDVOTER100327,Kamya Bora,64,Male,9709902234,kamyabora230555@yahoo.com,"H.No. 25, Wali Path, Jalandhar-010556",Haryana,961437,110894807530,2022-12-22
INDVOTER101172,Viraj Patla,34,Other,9502738632,virajpatla231232@gmail.com,"35, Saini Nagar, Suryapet-522561",Rajasthan,233224,078965698532,2017-10-22
INDVOTER100768,Pooja Boase,89,Other,9153826002,poojaboase232732@gmail.com,"67/185, Dhar Chowk, Gudivada 900521",Himachal Pradesh,266487,775987798113,2020-08-17
INDVOTER100523,Siya Aggarwal,36,Other,9274400906,siyaaggarwal233229@outlook.com,"51/681, Sahni Circle, Gorakhpur-819347",Meghalaya,988682,993492792600,2023-03-18
INDVOTER100293,Chavvi Varty,23,Other,9925397084,chavvivarty234283@outlook.com,"H.No. 18, Thaker Street, Morbi 519693",Telangana,891810,527634172686,2016-12-20
INDVOTER101021,Orinder Krishnamurthy,21,Female,9925445422,orinderkrishnamurthy235195@yahoo.com,"H.No. 443, Dada Chowk, Naihati-265364",Mizoram,445236,293382534482,2018-09-03
INDVOTER100281,Libni Raju,55,Male,9240246710,libniraju236470@gmail.com,"61/95, Kaur Chowk, Cuttack-195946",Nagaland,347591,288832867835,2020-01-14
INDVOTER100806,Ekansh Raghavan,23,Female,9675449578,ekanshraghavan237466@gmail.com,"89, Mall Ganj, Warangal 189435",Kerala,950827,992745122167,2018-05-16
INDVOTER100755,Anthony Tak,68,Other,9082997570,anthonytak23877@gmail.com,"33/49, Salvi Ganj, Kochi-225396",Jharkhand,436799,152098234451,2019-08-16
INDVOTER100367,Zayyan Zachariah,38,Other,9945423999,zayyanzachariah239599@yahoo.com,"237, Peri Zila, Aligarh-064061",Punjab,811163,777129258003,2016-08-08
INDVOTER100382,Arjun Vig,68,Male,9932030415,arjunvig240394@gmail.com,"272, Gera Marg, Rohtak 299230",Madhya Pradesh,116979,353330632791,2020-03-30
INDVOTER101027,Chavvi Kohli,41,Other,9395770488,chavvikohli241367@gmail.com,"25/03, Shah Marg, Bhubaneswar 966071",Uttarakhand,875415,537166318876,2019-02-18
INDVOTER100533,Utkarsh Devan,61,Male,9915779987,utkarshdevan242818@gmail.com,"36/72, Mukhopadhyay Circle, Pali-117496",Rajasthan,839670,939083965584,2022-07-25
INDVOTER101145,Gagan Bains,72,Male,9700685277,gaganbains243506@outlook.com,"48/823, Gole Chowk, Jhansi-621644",Assam,676221,943703507751,2021-04-13
INDVOTER101047,Odika Singh,58,Other,9611547857,odikasingh244399@yahoo.com,"52, Palan Road, Raebareli 417757",Manipur,983916,514190126529,2017-11-09
INDVOTER100426,Shaurya Kadakia,31,Other,9670979004,shauryakadakia24545@outlook.com,"138, Kannan Nagar, North Dumdum-066452",Bihar,113578,683120815894,2018-01-11
INDVOTER101204,Nitara Dua,39,Female,9715545871,nitaradua246648@gmail.com,"53/838, Jhaveri Ganj, Ghaziabad 864606",Sikkim,920326,585789922942,2023-12-05
INDVOTER100495,Lucky Grover,68,Female,9088513723,luckygrover247921@gmail.com,"H.No. 36, Rattan Street, Thane 772269",Arunachal Pradesh,995158,398553823048,2021-08-12
INDVOTER100907,Warjas Sridhar,60,Female,9674907543,warjassridhar248992@yahoo.com,"48/773, Gill Road, Anantapur-117915",Telangana,124176,499621597394,2021-06-22
INDVOTER100791,Hredhaan Thakur,35,Male,9395719925,hredhaanthakur249253@outlook.com,"66, Trivedi Circle, Jamalpur 700525",Uttarakhand,343468,611886254363,2022-10-12
INDVOTER100725,Shravya Grewal,24,Other,9718232305,shravyagrewal250444@yahoo.com,"H.No. 05, Dugar Zila, Patiala 717161",Gujarat,552289,601404106190,2019-05-29
INDVOTER100783,Yochana Manda,46,Male,9012880977,yochanamanda251368@yahoo.com,"H.No. 72, Bedi Path, Pimpri-Chinchwad 116252",Goa,271893,678497570594,2021-01-26
INDVOTER100548,Janaki Jani,40,Male,9836613706,janakijani252140@outlook.com,"55/79, Ahluwalia Road, Hyderabad 906299",Uttarakhand,390749,063581157675,2019-05-21
INDVOTER100697,Udyati Chaudhry,50,Female,9639661222,udyatichaudhry253460@gmail.com,"008, Randhawa Chowk, Ramgarh 044972",Maharashtra,013537,929430394936,2019-05-20
INDVOTER101097,Hamsini Saraf,59,Female,9832904544,hamsinisaraf254861@gmail.com,"H.No. 36, Palan Street, Chennai-573345",Uttar Pradesh,881324,742009564739,2021-08-10
INDVOTER101106,Megha Chaudhuri,69,Female,9297002456,meghachaudhuri25516@gmail.com,"440, Setty Path, Ongole-129979",Kerala,127577,677809479601,2019-10-20
INDVOTER100840,Shravya Singhal,26,Other,9626390467,shravyasinghal256333@yahoo.com,"58/44, Madan Circle, Mahbubnagar-294268",West Bengal,256881,169315155601,2020-04-23
INDVOTER100890,Zinal Tailor,38,Male,9319682859,zinaltailor257494@outlook.com,"28/82, Baral Street, Shimla 514939",West Bengal,612985,749844200510,2015-06-18
INDVOTER100597,Fitan Dhaliwal,32,Male,9271027874,fitandhaliwal258436@gmail.com,"643, Kala Circle, Patiala-691253",Sikkim,791787,715591870649,2017-11-29
INDVOTER100428,Raghav Solanki,39,Male,9461348515,raghavsolanki259300@gmail.com,"23/082, Dewan Chowk, Shahjahanpur-316687",West Bengal,099131,193430662051,2020-05-14
INDVOTER100925,Isha Sharma,24,Female,9091898559,ishasharma260713@yahoo.com,"54/07, Om Zila, Vadodara-818080",Madhya Pradesh,281468,572967510176,2021-07-09
INDVOTER100267,Yagnesh Toor,46,Female,9070477359,yagneshtoor261330@gmail.com,"H.No. 12, Badal Ganj, Durg 453032",Uttarakhand,232658,967289358780,2020-12-10
INDVOTER100649,Chavvi Gaba,76,Male,9680708694,chavvigaba262979@yahoo.com,"27, Gill Path, Morena-429393",Goa,214887,641579708063,2016-11-05
INDVOTER100494,Nakul Mistry,19,Male,9573114921,nakulmistry263672@outlook.com,"566, Ramesh Marg, Shimoga 815112",Jharkhand,717378,488255350218,2019-09-02
INDVOTER100962,Janani Deo,52,Female,9986732495,jananideo264495@outlook.com,"H.No. 78, Mody Zila, Kavali 166851",Nagaland,720699,140142894643,2020-10-01
INDVOTER100930,Nisha Garde,34,Other,9762352181,nishagarde265752@outlook.com,"H.No. 75, Bala Nagar, Amritsar 312990",Goa,547597,911847189152,2016-04-02
INDVOTER100748,Nitesh Pant,40,Other,9326552860,niteshpant266552@outlook.com,"39/38, Varkey Nagar, Chandrapur-473058",Uttarakhand,415583,000380545557,2015-01-29
INDVOTER100545,Waida Verma,47,Female,9638103419,waidaverma267497@yahoo.com,"84, Chhabra Zila, Sikar-586096",Telangana,971137,904586014600,2020-08-27
INDVOTER100586,Leena Agarwal,34,Other,9371110867,leenaagarwal268140@yahoo.com,"H.No. 520, Balasubramanian Nagar, Udupi-844600",Chhattisgarh,622045,792096284645,2020-11-22
INDVOTER100666,Aachal Ranganathan,40,Female,9606046161,aachalranganathan269311@yahoo.com,"71/70, Palla Circle, Tadipatri-403549",Arunachal Pradesh,821420,935909184300,2020-08-06
INDVOTER100645,Libni Chawla,42,Other,9705534758,libnichawla270116@yahoo.com,"29, Dani Road, Siwan 675615",Manipur,686555,050851625800,2015-10-18
INDVOTER100346,Januja Arora,47,Other,9263090565,janujaarora271887@yahoo.com,"09/07, Bumb Chowk, Bangalore-882242",Manipur,133787,275304107314,2022-10-01
INDVOTER101068,Deepa De,26,Other,9935466779,deepade272501@gmail.com,"32/285, Shukla Marg, Naihati 946857",Bihar,545720,384911633569,2015-05-25
INDVOTER101267,Bhavika Baria,64,Female,9529642015,bhavikabaria273755@outlook.com,"02/863, Mistry Ganj, Gaya-661143",Sikkim,159076,404224192936,2015-02-12
INDVOTER100441,Vedant Suri,90,Male,9897301880,vedantsuri274337@gmail.com,"25/994, Wali Street, Barasat 757398",Jharkhand,889466,531506996222,2016-05-26
INDVOTER101149,Harrison Sekhon,47,Other,9722614116,harrisonsekhon275513@outlook.com,"70, Pandey Nagar, Bihar Sharif 621303",Madhya Pradesh,604536,174247327386,2017-05-31
INDVOTER100774,Naveen Sama,41,Female,9977390428,naveensama276983@yahoo.com,"11, Goswami Street, Vellore 181890",Uttarakhand,642163,271253650204,2019-09-09
INDVOTER100505,Vamakshi Kamdar,50,Other,9139678031,vamakshikamdar277740@gmail.com,"12/168, Balan Zila, Sagar-915993",Kerala,749056,774031541433,2021-08-29
INDVOTER101218,Wriddhish Loke,45,Male,9543987056,wriddhishloke278320@gmail.com,"H.No. 224, Sane Zila, Nashik-838770",Arunachal Pradesh,136489,456178556469,2015-03-07
INDVOTER100542,Rohan Golla,84,Male,9308956499,rohangolla279893@gmail.com,"H.No. 809, D’Alia Circle, Chandrapur-252917",Chhattisgarh,133275,743204925149,2019-07-22
INDVOTER100926,Hredhaan Kamdar,85,Male,9858432796,hredhaankamdar280139@gmail.com,"31, Chhabra Circle, Siliguri-268300",Rajasthan,723815,957979504271,2020-07-08
INDVOTER100894,Nicholas Trivedi,54,Female,9633014224,nicholastrivedi281525@gmail.com,"13/371, Behl Zila, Chennai 994205",Himachal Pradesh,786953,527873580885,2015-03-20
INDVOTER100337,Advay Sarkar,56,Other,9624698731,advaysarkar28258@gmail.com,"257, Ahluwalia Marg, Bhopal-085987",Karnataka,479073,061503638575,2021-11-07
INDVOTER100539,Manya Hegde,53,Female,9397526489,manyahegde28398@gmail.com,"72, Hora Path, Ghaziabad 038051",Assam,455816,483149752340,2020-11-18
INDVOTER101053,Gabriel Apte,80,Other,9146868885,gabrielapte284484@yahoo.com,"40/309, Basu Nagar, Dindigul-483292",Telangana,587203,212799942705,2016-02-10
INDVOTER100324,Anthony Tailor,24,Other,9296113762,anthonytailor285774@yahoo.com,"H.No. 986, Bajwa, North Dumdum 104903",Sikkim,431246,890217294472,2018-05-22
INDVOTER100912,Yashodhara Nadkarni,41,Male,9028379532,yashodharanadkarni286130@outlook.com,"H.No. 30, Sanghvi Circle, North Dumdum 782928",Tripura,974614,452527491441,2022-02-28
INDVOTER101059,Ekaraj Shroff,41,Other,9303079097,ekarajshroff287503@gmail.com,"H.No. 552, Nair Road, Saharanpur-346978",West Bengal,625176,825487917091,2019-03-13
INDVOTER100886,Bishakha Bhatnagar,85,Female,9096798489,bishakhabhatnagar288585@outlook.com,"H.No. 845, Oak Circle, Bhalswa Jahangir Pur-322226",Uttar Pradesh,822389,164708822892,2019-10-23
INDVOTER100473,Yashawini Ramanathan,71,Other,9900602256,yashawiniramanathan28917@yahoo.com,"26/212, Bumb Circle, Rajpur Sonarpur-343971",Gujarat,846421,993441904837,2021-01-01
INDVOTER101211,Dipta Murty,52,Male,9596149971,diptamurty290625@gmail.com,"423, Palla Nagar, Ahmednagar 624723",Mizoram,309798,530547454195,2020-12-05
INDVOTER101041,Omkaar Bobal,25,Female,9543735855,omkaarbobal291821@outlook.com,"73, Subramanian Marg, Ulhasnagar 994624",Maharashtra,164030,202561505251,2023-11-01
INDVOTER100584,Gayathri Soni,76,Female,9282207605,gayathrisoni292459@yahoo.com,"11, Bora Nagar, Mysore 947060",Uttar Pradesh,138949,733440849028,2016-11-02
INDVOTER100611,Nikita Chanda,80,Female,9172123396,nikitachanda293389@gmail.com,"40/58, Bir Circle, Gandhinagar 708852",Karnataka,694642,542178607560,2020-11-25
INDVOTER100573,Azad Karan,66,Female,9853767952,azadkaran294131@yahoo.com,"73, Thakur Zila, Dharmavaram-086581",Assam,714592,872852257883,2017-08-06
INDVOTER101272,Ekiya Parsa,36,Female,9313104596,ekiyaparsa295926@gmail.com,"H.No. 727, Padmanabhan Street, Bangalore 877591",Manipur,660414,315824286511,2019-12-07
INDVOTER101286,Nandini Dave,68,Other,9335703233,nandinidave296721@gmail.com,"H.No. 41, Ray Circle, Kulti 884207",Karnataka,609935,179098388247,2023-06-03
INDVOTER100854,Siddharth Hayre,24,Female,9278533709,siddharthhayre297614@gmail.com,"377, Narayan Marg, Alappuzha 459113",Jharkhand,013279,396904137042,2017-05-10
INDVOTER100599,Anya Deol,28,Other,9075461587,anyadeol298889@outlook.com,"05/876, Shukla Path, Pune 376290",Bihar,535218,730577864067,2015-02-24
INDVOTER101135,Jagrati Pathak,24,Male,9009793816,jagratipathak299794@gmail.com,"926, Vig Nagar, Farrukhabad 009995",Odisha,953750,727481984702,2020-05-06
INDVOTER100511,Nisha Kalita,27,Male,9906142854,nishakalita300551@outlook.com,"60/83, Bera Zila, Kolkata-443775",Tamil Nadu,052338,638038947451,2020-02-08
INDVOTER101046,Faqid Ahluwalia,49,Male,9111192863,faqidahluwalia30190@yahoo.com,"H.No. 77, Srivastava Path, Pallavaram-585803",Kerala,571448,580862263740,2018-10-02
INDVOTER100853,Jason Mody,76,Other,9822337052,jasonmody302491@yahoo.com,"H.No. 912, Gupta Road, Mathura 382150",Telangana,740955,614372822294,2018-11-15
INDVOTER100413,Pallavi Desai,21,Male,9631143134,pallavidesai303578@gmail.com,"90/974, Nazareth Marg, Gurgaon-109099",Bihar,559567,236640499393,2019-09-30
INDVOTER100400,Peter Edwin,62,Other,9494217692,peteredwin304471@yahoo.com,"070, Borah Zila, Chandrapur-065898",Himachal Pradesh,843686,770743662492,2016-08-31
INDVOTER100559,Barkha Shanker,67,Other,9142920649,barkhashanker305525@yahoo.com,"792, Garde Street, Silchar-741621",Mizoram,086772,831473633206,2015-07-21
INDVOTER100578,Bhanumati Bassi,78,Female,9141356698,bhanumatibassi306734@outlook.com,"08/788, Luthra Marg, Bhagalpur 989323",Uttarakhand,961312,641357146341,2023-01-21
INDVOTER100554,Raghav Sane,64,Male,9115496027,raghavsane307315@gmail.com,"39, Rajan Marg, Davanagere-256861",Kerala,306870,063204441330,2021-07-17
INDVOTER100650,Lakshmi Suresh,40,Other,9844691608,lakshmisuresh308422@outlook.com,"40/33, Kuruvilla Nagar, Tinsukia-169807",Goa,894117,180682538598,2020-08-03
INDVOTER100888,Anmol More,63,Male,9516540397,anmolmore30955@yahoo.com,"H.No. 89, Dhillon Chowk, Salem-464536",Punjab,338760,392112621939,2022-11-11
INDVOTER100972,Aashi Varma,50,Male,9140861027,aashivarma310973@outlook.com,"H.No. 20, Sinha Circle, Ahmedabad-722056",Mizoram,413632,558020477344,2017-03-24
INDVOTER100796,Vamakshi Mittal,47,Female,9813874565,vamakshimittal311791@gmail.com,"H.No. 78, Karpe, Udupi 410090",Jharkhand,507855,957229274840,2021-02-15
INDVOTER101222,Laksh Mandal,70,Female,9292919561,lakshmandal312100@gmail.com,"47, Soni Path, Mumbai 067226",Karnataka,463165,299415454365,2019-05-15
INDVOTER100540,Yadavi Buch,85,Other,9281971390,yadavibuch313588@yahoo.com,"H.No. 008, Chada Road, Chandigarh-582932",Karnataka,414288,058911647853,2019-12-24
INDVOTER100513,Bishakha Bedi,26,Other,9219125011,bishakhabedi314746@outlook.com,"84, Bhalla Street, Pune-793575",Chhattisgarh,627531,993270723643,2021-02-07
INDVOTER100644,Madhav Swaminathan,89,Other,9000692717,madhavswaminathan315106@yahoo.com,"78, Chand, Karawal Nagar 192404",Jharkhand,461152,093381585156,2018-07-28
INDVOTER101248,Abdul Saini,49,Other,9264220698,abdulsaini316113@gmail.com,"H.No. 04, Bir Road, Durgapur-303128",Telangana,371166,679630377746,2021-06-22
INDVOTER100940,Dhriti Dutta,20,Female,9001684347,dhritidutta317885@outlook.com,"53/23, Verma Road, Jodhpur-976980",Karnataka,835853,940516272882,2017-10-16
INDVOTER100498,Sai More,59,Male,9045445327,saimore318119@outlook.com,"625, Sharaf Nagar, Panvel-087117",Punjab,752680,753910237443,2019-10-25
INDVOTER101044,Jonathan Tata,49,Male,9995304256,jonathantata31970@yahoo.com,"29, More, Rewa 945437",Tripura,959964,898336302009,2016-10-08
INDVOTER100810,Manthan Kibe,53,Other,9272031425,manthankibe320531@yahoo.com,"H.No. 41, Bhatnagar Path, Muzaffarpur-402268",Kerala,515192,566251676466,2015-01-29
INDVOTER100739,Bhavani Sama,36,Other,9703024305,bhavanisama321448@gmail.com,"909, Dey, Mirzapur 379501",Bihar,439227,159142706688,2021-11-21
INDVOTER101245,Lohit Warrior,59,Female,9522183486,lohitwarrior322201@yahoo.com,"14/87, Vohra Ganj, Hindupur-325124",Odisha,328327,811781449472,2023-12-19
INDVOTER100955,Bhavna Gill,67,Male,9675339803,bhavnagill323215@gmail.com,"H.No. 532, Talwar, Kavali-125692",Jharkhand,733915,040214317193,2019-05-20
INDVOTER101191,Wakeeta Dixit,33,Male,9640243279,wakeetadixit32414@gmail.com,"56/037, Shroff Marg, Hubli–Dharwad-293988",Punjab,046933,636346681808,2016-03-09
INDVOTER101263,Ijaya Pant,56,Female,9758001244,ijayapant325161@yahoo.com,"07/345, Shanker Nagar, Guwahati 662270",Assam,789386,288917967442,2018-03-16
INDVOTER101089,Jai Dhar,52,Male,9173632983,jaidhar326505@outlook.com,"420, Lall Road, Berhampur-511706",Punjab,427965,904522327877,2016-07-18
INDVOTER101319,Advik Ramachandran,38,Female,9635405445,advikramachandran327276@gmail.com,"94, Ray, Sri Ganganagar 409336",Gujarat,030690,242044531540,2023-02-22
INDVOTER101324,Triya Kapur,52,Other,9121485072,triyakapur328318@yahoo.com,"71/206, Das Zila, Sambalpur 820739",Tripura,865536,593320084206,2017-02-18
INDVOTER101113,Lipika Kalita,87,Female,9348292439,lipikakalita329785@gmail.com,"H.No. 088, Pall Road, Berhampur-419678",Meghalaya,035430,812199165984,2018-02-18
INDVOTER101228,Zansi Babu,49,Other,9474569829,zansibabu330581@yahoo.com,"H.No. 253, Thakur Ganj, Sultan Pur Majra-516668",Meghalaya,070370,061869585673,2018-04-05
INDVOTER100906,Pooja Savant,26,Other,9008767758,poojasavant331918@outlook.com,"55, Vyas Chowk, Imphal-606385",Meghalaya,956651,180864876242,2021-12-17
INDVOTER100944,Anusha Grewal,27,Female,9735700503,anushagrewal332733@yahoo.com,"113, Ramaswamy Path, Buxar 953314",Odisha,685760,257244477269,2019-08-07
INDVOTER101085,Falak Acharya,24,Female,9882384576,falakacharya333691@outlook.com,"H.No. 27, Shenoy Road, Bongaigaon 656232",Himachal Pradesh,770418,733569903219,2018-07-24
INDVOTER101114,Jagat Magar,46,Male,9997805811,jagatmagar334469@gmail.com,"67/95, Gala Path, Chittoor 556695",Meghalaya,840583,126553119314,2021-04-28
INDVOTER100967,Zehaan Ramanathan,32,Male,9638992986,zehaanramanathan335470@yahoo.com,"12, Agarwal Marg, Gaya 955927",Kerala,033311,478881994080,2017-09-23
INDVOTER101271,Yoshita Sridhar,60,Other,9221754523,yoshitasridhar336327@gmail.com,"79/84, Suri Ganj, Kishanganj-585303",Manipur,308899,441106884116,2017-07-24
INDVOTER100827,Chatura Koshy,38,Female,9116427700,chaturakoshy337852@outlook.com,"46, Saran Circle, Udaipur 396738",Meghalaya,409449,434391001828,2021-12-19
INDVOTER100371,Nisha Prakash,87,Female,9632201569,nishaprakash338742@gmail.com,"094, Gulati Ganj, Bharatpur-700437",Telangana,437390,151903001775,2018-08-02
INDVOTER101221,Harrison Sahota,59,Female,9318470141,harrisonsahota339232@gmail.com,"12/30, Sastry Chowk, Kottayam 437510",Andhra Pradesh,199024,642774140179,2021-01-27
INDVOTER101259,Yashica Mutti,57,Male,9943113115,yashicamutti340941@gmail.com,"H.No. 201, Agate Marg, Kottayam-709990",Tripura,665496,075473819266,2020-08-14
INDVOTER101238,Ansh Dyal,72,Other,9178720237,anshdyal341628@yahoo.com,"97, Patla Path, Ujjain 972752",Nagaland,929731,808584017588,2016-09-05
INDVOTER100574,Yachana Brahmbhatt,66,Male,9459597024,yachanabrahmbhatt342947@yahoo.com,"H.No. 49, Bhargava Road, Jodhpur-056549",Gujarat,279064,746105960458,2023-05-08
INDVOTER100534,Banjeet Karpe,55,Other,9713574358,banjeetkarpe343751@gmail.com,"H.No. 53, Goswami Circle, Mehsana-096549",Haryana,636968,157464883449,2019-11-26
INDVOTER100878,Gagan Chawla,56,Other,9826008533,gaganchawla344574@gmail.com,"H.No. 57, Badami Nagar, Raurkela Industrial Township 642139",Maharashtra,979529,438365698550,2023-09-12
INDVOTER101310,Osha Dugar,87,Male,9884379730,oshadugar345633@yahoo.com,"66/19, Gade Ganj, Nagercoil-993237",West Bengal,910815,311406009267,2020-02-07
INDVOTER101217,Alexander Dutta,83,Other,9419950943,alexanderdutta346732@yahoo.com,"45/321, Chokshi Nagar, Sambhal-852392",Tripura,559614,938185370484,2015-02-06
INDVOTER100864,Isaac Bath,18,Female,9088471907,isaacbath347651@outlook.com,"70/148, Batra Road, Panvel 580384",Goa,189178,078933547603,2021-09-09
INDVOTER100856,Dhriti Bail,82,Male,9019994034,dhritibail348789@yahoo.com,"H.No. 81, Dar Road, Firozabad-259872",Bihar,321730,809803817299,2016-09-23
INDVOTER100416,Vinaya Grover,77,Female,9504325837,vinayagrover349993@yahoo.com,"67/463, Rout Chowk, Kanpur 204231",Kerala,965954,225535867898,2020-01-18
INDVOTER100504,Neha Murty,28,Male,9194367538,nehamurty350415@outlook.com,"73/672, Raman Circle, Uluberia-248714",Haryana,177570,257436470782,2021-08-09
INDVOTER101243,Chatura Batra,41,Other,9505113717,chaturabatra351281@outlook.com,"88/07, Bhavsar, Gopalpur 890173",Sikkim,034701,833273161302,2021-11-11
INDVOTER100443,Saanvi Iyengar,60,Other,9555498081,saanviiyengar352128@outlook.com,"H.No. 01, Boase Chowk, Vadodara-382329",Haryana,854078,747111183153,2021-03-12
INDVOTER100553,Guneet Sibal,87,Female,9675321749,guneetsibal353540@gmail.com,"54/658, Konda Chowk, Durgapur-907913",Uttar Pradesh,267742,758197162560,2017-11-24
INDVOTER100987,Nikita Gola,44,Female,9950727300,nikitagola354963@outlook.com,"18/15, Parmar Road, Bhiwani-086362",Arunachal Pradesh,219154,239104661433,2022-05-28
INDVOTER101189,Neelima Dutt,80,Male,9065513976,neelimadutt355231@outlook.com,"86, Lalla Circle, Bhagalpur-019495",Andhra Pradesh,365254,270504902522,2019-02-19
INDVOTER100876,Om Sahota,37,Female,9086451441,omsahota356697@yahoo.com,"H.No. 28, Kashyap Path, Gopalpur 033646",Uttar Pradesh,055444,066688817922,2020-08-11
INDVOTER100934,Yuvraj Bose,82,Female,9972012854,yuvrajbose357372@gmail.com,"82/92, Vyas Nagar, Guntur-315901",Karnataka,780878,645850021359,2015-01-07
INDVOTER101122,Jonathan Vyas,21,Other,9927145919,jonathanvyas358268@gmail.com,"H.No. 505, Rajan Nagar, Jorhat-293766",Arunachal Pradesh,844747,777884846742,2016-11-22
INDVOTER100848,Osha Menon,73,Other,9469065793,oshamenon359559@gmail.com,"335, Lad Nagar, Jehanabad-455487",Manipur,000066,877498282481,2020-07-15
INDVOTER101338,Aarini Jha,36,Other,9835693938,aarinijha360724@gmail.com,"90, Kothari Street, Baranagar 534121",West Bengal,291748,399614071909,2018-05-18
INDVOTER100562,Ubika Mohanty,52,Male,9685624698,ubikamohanty361651@outlook.com,"779, Kapoor Chowk, Nizamabad 667881",Andhra Pradesh,452721,601308094299,2022-02-10
INDVOTER100767,Rayaan Shenoy,72,Other,9930340108,rayaanshenoy362146@outlook.com,"H.No. 83, Sathe Nagar, Malda 008950",Sikkim,093336,440260353374,2019-05-21
INDVOTER100408,Yashica Samra,82,Female,9312945007,yashicasamra363418@outlook.com,"13/32, Sawhney, Dindigul-548253",Assam,314997,108713430377,2017-04-26
INDVOTER100936,Eesha Hegde,53,Other,9730050465,eeshahegde364473@outlook.com,"22/486, Banerjee Road, Bhagalpur 397135",Jharkhand,713510,981767624325,2016-04-22
INDVOTER101063,Ekta Murthy,55,Other,9082065127,ektamurthy365769@yahoo.com,"663, Sule Ganj, Kumbakonam 931867",Maharashtra,675649,236702061367,2020-08-13
INDVOTER100919,Naksh Bajwa,33,Female,9097110279,nakshbajwa366854@gmail.com,"H.No. 446, Krishna Ganj, Bhusawal 838620",Sikkim,711624,314184444353,2017-03-04
INDVOTER101299,Ekiya Pandey,32,Male,9101110829,ekiyapandey367141@yahoo.com,"74/62, Tiwari, Chinsurah 122623",Uttar Pradesh,713025,813412254929,2023-07-04
INDVOTER101107,Indrajit Biswas,29,Male,9110447991,indrajitbiswas368279@gmail.com,"H.No. 46, Munshi Chowk, Gurgaon 536878",Maharashtra,727384,651615931644,2016-04-15
INDVOTER101206,Krishna Amble,54,Other,9276199676,krishnaamble369794@yahoo.com,"H.No. 06, Dey Chowk, Tiruvottiyur-726098",Assam,260789,176226269596,2017-12-07
INDVOTER100846,Lila Chakrabarti,44,Other,9214627972,lilachakrabarti370840@outlook.com,"22/73, Grover Path, Hosur 143554",Uttarakhand,518189,390367569272,2023-05-06
INDVOTER100892,Januja Bhandari,18,Other,9655857104,janujabhandari371260@outlook.com,"38/670, Banerjee Chowk, Naihati 595768",Meghalaya,764210,617702649166,2020-03-16
INDVOTER100711,Harinakshi Kaur,75,Male,9244826493,harinakshikaur372756@gmail.com,"820, Gole Circle, Berhampore 158058",Nagaland,693750,954405659237,2017-06-19
INDVOTER100905,Chanakya Bajwa,90,Other,9947140931,chanakyabajwa37322@outlook.com,"H.No. 41, Amble Street, Purnia-582185",Jharkhand,841817,337216572485,2020-12-01
INDVOTER101281,Amrita Rau,86,Female,9314109818,amritarau374718@gmail.com,"75/60, Chaudhry Chowk, Tinsukia-634358",Manipur,287574,900828603208,2019-04-20
INDVOTER100992,Simon Manda,41,Male,9206485783,simonmanda375275@outlook.com,"95/881, Balay Marg, Visakhapatnam-773658",Chhattisgarh,073918,016847968532,2022-09-01
INDVOTER101234,Michael Nigam,36,Other,9273893427,michaelnigam376312@yahoo.com,"532, Yogi Road, Jamnagar 682003",Arunachal Pradesh,257525,454223701872,2022-05-14
INDVOTER101104,Yuvraj Palla,76,Other,9373273990,yuvrajpalla377760@outlook.com,"44, Dayal Path, Karimnagar-036195",Kerala,625283,025420871282,2021-04-27
INDVOTER101039,Amara Banerjee,40,Other,9035130862,amarabanerjee378821@gmail.com,"869, Parmer Ganj, Moradabad 509682",Punjab,547260,617687433444,2019-10-01
INDVOTER100658,Dominic Chand,61,Female,9355531422,dominicchand379169@yahoo.com,"H.No. 325, Bhatnagar, Farrukhabad 755371",Tripura,605489,198952497483,2018-05-21
INDVOTER101123,Aadi Ganesh,44,Female,9511698267,aadiganesh380269@outlook.com,"H.No. 282, Balay Path, Nagpur 795178",Sikkim,300919,706525648264,2016-05-13
INDVOTER100779,Maanas Sampath,33,Male,9854216013,maanassampath381481@outlook.com,"93/007, Amble Nagar, Jaunpur-244723",Tripura,497463,121205104009,2018-05-31
INDVOTER101173,Baghyawati Arya,36,Male,9281479475,baghyawatiarya38230@yahoo.com,"308, Varghese Nagar, Parbhani 152932",Karnataka,724259,030334893240,2018-06-15
INDVOTER100598,Tara Kuruvilla,74,Male,9281197242,tarakuruvilla383614@outlook.com,"84, Ravi Road, Jalna 295490",Kerala,350532,042001036835,2023-04-06
INDVOTER100390,Oscar Sundaram,19,Female,9741630919,oscarsundaram384935@yahoo.com,"H.No. 449, Bobal Zila, Raichur-370968",Maharashtra,812311,238207180513,2021-07-20
INDVOTER100735,Qarin Baral,85,Male,9330437800,qarinbaral3852@gmail.com,"71/15, Mani Path, Ambarnath 455813",West Bengal,713674,162003700040,2021-04-03
INDVOTER100661,Rayaan Lalla,72,Female,9264815047,rayaanlalla386808@outlook.com,"H.No. 586, Saha Ganj, Siwan 241259",Bihar,766301,285702187422,2020-07-28
INDVOTER100871,Wyatt Chaudhari,34,Female,9783401824,wyattchaudhari387221@outlook.com,"33/59, Nair Marg, Bhagalpur 644601",Sikkim,645318,533725744341,2017-02-23
INDVOTER101346,Pahal Ghose,65,Male,9108622454,pahalghose388516@outlook.com,"H.No. 31, Mane Street, Hosur-982165",Assam,396560,812789605637,2023-09-02
INDVOTER101309,Manan Banerjee,49,Other,9295978250,mananbanerjee389835@gmail.com,"93, Chand, Khandwa-228471",Sikkim,914059,659870366674,2020-08-10
INDVOTER100479,Charvi Kapur,31,Male,9514332615,charvikapur390327@gmail.com,"91, Ratti Zila, Panipat 906788",Manipur,976679,634366328780,2016-06-08
INDVOTER101056,Abhimanyu Sama,87,Female,9967842829,abhimanyusama39128@gmail.com,"79/09, Natt Road, Rourkela-577402",Assam,089330,580820565791,2019-04-18
INDVOTER100514,Yashoda Lal,18,Male,9462388189,yashodalal392707@gmail.com,"81, Kapur Zila, Phagwara 058778",West Bengal,297205,220436206532,2015-09-18
INDVOTER100759,Chaman Bose,38,Male,9048242511,chamanbose393440@gmail.com,"H.No. 498, Setty, Nanded 605199",Karnataka,739048,951788299059,2017-08-31
INDVOTER100531,Neelima Dyal,39,Male,9907947052,neelimadyal394441@gmail.com,"78/609, Wali Circle, Faridabad 673429",Nagaland,913921,589297787880,2015-04-13
INDVOTER100418,Widisha Kaul,83,Other,9998182660,widishakaul395439@gmail.com,"40/89, Ghosh Zila, Sangli-Miraj & Kupwad 111806",Tamil Nadu,218562,842143863670,2015-05-13
INDVOTER100564,Yatin Vasa,64,Female,9289214696,yatinvasa396218@outlook.com,"78/873, Dara Nagar, Amritsar-933780",Madhya Pradesh,732535,422200236300,2022-08-08
INDVOTER100766,Madhav Mandal,68,Other,9218980351,madhavmandal39751@outlook.com,"43/895, Iyer Chowk, Bharatpur 657257",Arunachal Pradesh,680006,936838247172,2023-12-01
INDVOTER100623,Fariq Parsa,57,Male,9902748698,fariqparsa398701@yahoo.com,"220, Sagar Road, Darbhanga 454266",Rajasthan,464646,417709728255,2015-03-04
INDVOTER100750,Gautam Barad,74,Female,9094653092,gautambarad399770@outlook.com,"31/993, Grover Nagar, Ajmer 708029",West Bengal,591586,707390152591,2021-11-06
INDVOTER100821,Vaishnavi Pai,48,Other,9201157867,vaishnavipai400278@gmail.com,"H.No. 43, Bala Circle, Bulandshahr-653912",Tamil Nadu,466333,312144363030,2015-07-05
INDVOTER100565,Vivaan Kakar,36,Male,9348990609,vivaankakar401733@outlook.com,"03/42, Kaul, Satara-253520",Maharashtra,453887,705277148230,2021-07-05
INDVOTER100656,Lucky Saha,24,Female,9103660975,luckysaha402354@gmail.com,"06/157, Sharma, Hajipur-237484",Jharkhand,733042,917202312927,2023-01-01
INDVOTER101247,Indira Mandal,57,Male,9934457616,indiramandal4037@yahoo.com,"86/558, Narang Ganj, Madurai-205809",Nagaland,390767,278333643793,2016-08-26
INDVOTER100861,Triya Thaker,45,Other,9750446878,triyathaker404894@outlook.com,"99/149, Loyal Street, Delhi 470078",Mizoram,672765,529529454685,2017-05-25
INDVOTER100625,Isaiah Prabhakar,47,Male,9160073792,isaiahprabhakar40566@gmail.com,"827, Garg Ganj, Danapur 837361",Meghalaya,805143,247820380756,2022-06-15
INDVOTER101157,Tripti Gandhi,65,Male,9436527101,triptigandhi406508@yahoo.com,"213, Mand Road, Narasaraopet 395206",Tripura,006336,719696073182,2016-08-06
INDVOTER100503,Chavvi Halder,32,Female,9436370744,chavvihalder40711@gmail.com,"82, Dara Circle, Gangtok-103579",Haryana,851391,888603725327,2022-11-05
INDVOTER101084,Nitara Dara,46,Female,9822355864,nitaradara408600@gmail.com,"H.No. 185, Garg Road, Pallavaram 606409",Manipur,910949,311547080926,2015-06-25
INDVOTER101231,Manthan Samra,41,Male,9949704631,manthansamra409186@outlook.com,"23/89, Sahni Marg, Vellore-337309",Haryana,476004,861992636371,2020-10-05
INDVOTER101368,Yatin Pillai,38,Male,9586779211,yatinpillai410751@outlook.com,"H.No. 683, Balan Street, Visakhapatnam-305326",West Bengal,943031,867774760916,2019-02-17
INDVOTER101112,Yasti Kuruvilla,61,Female,9795911904,yastikuruvilla41110@gmail.com,"839, Sawhney Circle, Guntakal-142456",Rajasthan,556327,222146470583,2018-03-08
INDVOTER100965,Xalak Dhar,27,Other,9024194353,xalakdhar412786@outlook.com,"65, Comar Chowk, Bharatpur-214706",Meghalaya,541059,494840106948,2017-01-21
INDVOTER101393,Fitan Aggarwal,70,Female,9794217002,fitanaggarwal413833@gmail.com,"88, Bose, Latur-616921",Jharkhand,157492,107968787133,2016-11-28
INDVOTER100831,Sudiksha Goyal,18,Other,9006286483,sudikshagoyal414101@gmail.com,"49/972, Brahmbhatt, Sri Ganganagar 767788",Sikkim,354102,115040706486,2019-10-27
INDVOTER100620,Sanya Ramakrishnan,88,Female,9266688035,sanyaramakrishnan415690@gmail.com,"H.No. 80, Gokhale Circle, Bhimavaram 228402",Andhra Pradesh,235781,785417830033,2016-05-16
INDVOTER101336,Upma Guha,78,Other,9037191800,upmaguha416830@outlook.com,"442, Kumar Marg, Muzaffarnagar-655351",Telangana,488056,444288920617,2016-09-04
INDVOTER100794,Indira Murty,27,Female,9894359321,indiramurty417164@gmail.com,"H.No. 167, Kuruvilla Street, Jaunpur 254751",Manipur,531376,510909584399,2021-12-17
INDVOTER100813,Theodore Manne,89,Male,9602802541,theodoremanne41827@gmail.com,"73, Uppal Ganj, Amaravati-298655",Goa,124623,714211154836,2022-09-13
INDVOTER100628,Bhavya Ghosh,57,Female,9361681568,bhavyaghosh419189@gmail.com,"77, Buch Circle, Kamarhati-730770",Manipur,268587,989024088550,2021-09-21
INDVOTER100619,Kai Setty,62,Female,9432035270,kaisetty420815@gmail.com,"37/79, Mall Street, Jamalpur-030236",Kerala,471986,437202852874,2015-05-24
INDVOTER100769,Maanas Ray,72,Other,9032573112,maanasray421147@yahoo.com,"H.No. 143, Rajagopalan Road, Madurai 890783",West Bengal,606555,466864254078,2021-03-14
INDVOTER101198,Girindra Ganesh,36,Male,9373669529,girindraganesh422292@yahoo.com,"H.No. 708, Samra Zila, Ozhukarai-211580",Jharkhand,335304,351316650120,2018-02-19
INDVOTER101375,Om Sathe,52,Male,9037842915,omsathe42356@gmail.com,"61/689, Khatri Marg, Gandhinagar 450916",Haryana,017837,970410300034,2018-07-12
INDVOTER100468,Vinaya Chopra,52,Other,9453514101,vinayachopra424325@outlook.com,"18/520, Baral Ganj, Giridih-373487",Nagaland,163328,531435720601,2020-08-13
INDVOTER101290,Netra Khare,32,Other,9230730797,netrakhare425637@outlook.com,"H.No. 782, Chaudhari Path, Bijapur 087278",Odisha,167579,513386723403,2023-03-31
INDVOTER100704,Alexander Bal,44,Male,9022744509,alexanderbal426721@yahoo.com,"98, Viswanathan Ganj, Hazaribagh-219680",Himachal Pradesh,119560,267265255687,2017-08-09
INDVOTER101171,Anay Kunda,80,Other,9855006423,anaykunda427960@outlook.com,"H.No. 30, Sampath Zila, Salem-991512",Punjab,701920,395184918277,2023-03-08
INDVOTER101061,Jason Bal,42,Other,9529700949,jasonbal4288@gmail.com,"075, Chakraborty Ganj, Parbhani-124185",Chhattisgarh,979898,090707810904,2023-10-15
INDVOTER100705,Zansi Dasgupta,82,Female,9381393431,zansidasgupta429667@gmail.com,"412, Kant, Bhilai-647919",Sikkim,332112,359575298060,2019-08-17
INDVOTER100571,Dayamai Manda,36,Other,9327376480,dayamaimanda430934@outlook.com,"52/01, Suresh Ganj, Kollam 406164",Gujarat,149666,259407459864,2020-12-15
INDVOTER100459,Upma Sidhu,40,Other,9482365144,upmasidhu431367@outlook.com,"92/482, Deol Marg, Guna 847452",Meghalaya,922297,223445133040,2019-12-27
INDVOTER101404,Siya Jha,63,Female,9531621579,siyajha432958@outlook.com,"18, Ganesan Nagar, Coimbatore-776072",Maharashtra,928088,067290114244,2017-01-30
INDVOTER101236,Darpan Soman,34,Male,9124100638,darpansoman433493@yahoo.com,"H.No. 30, Bhardwaj Ganj, Barasat-165566",Tamil Nadu,862079,116624199732,2021-11-27
INDVOTER101195,Christopher Bhat,65,Other,9191343031,christopherbhat434405@gmail.com,"514, Gara Street, Aligarh 133972",Punjab,199084,474678414447,2015-04-12
INDVOTER100457,Gunbir Butala,29,Male,9269137415,gunbirbutala435834@gmail.com,"768, Rege Path, Deoghar-920186",Goa,635889,919676117462,2021-08-26
INDVOTER100790,Zarna Pau,86,Female,9168061672,zarnapau43671@gmail.com,"00/34, Ben Street, Barasat-611944",Punjab,700668,276348328109,2022-06-20
INDVOTER100865,Yatin Kurian,57,Female,9649562349,yatinkurian437530@gmail.com,"713, Bose Zila, Bellary 230701",Bihar,985193,961761595885,2017-12-17
INDVOTER101401,Mohammed Kannan,63,Female,9249591114,mohammedkannan438894@outlook.com,"H.No. 55, Sami Zila, Anand 863920",Haryana,269746,815296800879,2015-08-01
INDVOTER100999,Jacob Shan,53,Other,9234992133,jacobshan439436@yahoo.com,"36/575, Rao Nagar, Kolhapur 116918",Tamil Nadu,516131,319130648335,2020-07-04
INDVOTER101429,Aryan Khanna,66,Female,9841540622,aryankhanna440547@outlook.com,"32/322, Bawa Path, South Dumdum-931438",Gujarat,024219,243561664677,2015-10-20
INDVOTER101351,Atharv Chatterjee,51,Male,9952600461,atharvchatterjee441647@gmail.com,"35, Karnik Path, Karawal Nagar 740845",Odisha,481481,919711666298,2021-09-05
INDVOTER101065,Divya Radhakrishnan,58,Female,9081334607,divyaradhakrishnan442987@gmail.com,"67/19, Sidhu Zila, Ratlam 647646",Punjab,213713,630119588342,2018-03-07
INDVOTER101380,Gagan Seshadri,77,Other,9386425145,gaganseshadri443223@yahoo.com,"133, Misra Ganj, Gandhinagar 328989",Sikkim,490459,380942038765,2021-05-26
INDVOTER101079,Keya Garde,41,Other,9303339846,keyagarde444812@outlook.com,"38/999, Walia Chowk, Kishanganj-149506",Odisha,559100,959172176649,2020-01-03
INDVOTER100560,Hitesh Ganguly,84,Male,9672667738,hiteshganguly445607@yahoo.com,"78/756, Dubey Road, Kadapa-821871",Telangana,824511,506328425001,2020-12-30
INDVOTER101167,Robert Talwar,66,Male,9194703490,roberttalwar446480@yahoo.com,"44, Gala Path, Gurgaon 576799",Sikkim,667118,202553045298,2021-10-28
INDVOTER101054,Rajata Chaudhary,28,Female,9159322751,rajatachaudhary447773@outlook.com,"H.No. 185, Basu Nagar, Tiruvottiyur-818479",Meghalaya,668604,984514965287,2021-02-24
INDVOTER100551,Kashvi Chawla,74,Male,9129081564,kashvichawla448268@gmail.com,"H.No. 914, Dewan Ganj, Karawal Nagar-228075",Bihar,210875,038152359926,2017-12-08
INDVOTER101186,Ekalinga Balakrishnan,55,Other,9437392826,ekalingabalakrishnan449696@gmail.com,"65/80, Puri Path, Bikaner-169383",Andhra Pradesh,672234,944252922771,2016-04-22
INDVOTER100483,Janani Krishna,36,Other,9863714438,jananikrishna450810@gmail.com,"93/71, Bandi Chowk, Burhanpur-482534",Rajasthan,186872,822292996266,2016-05-17
INDVOTER101177,Warhi Sathe,83,Other,9458252862,warhisathe451315@gmail.com,"35/17, Ahluwalia Path, Sikar 137238",Maharashtra,203817,769906528638,2018-03-06
INDVOTER101381,Zashil Minhas,84,Male,9300351367,zashilminhas452524@outlook.com,"H.No. 64, Bahl Chowk, Sagar-436628",Meghalaya,160461,574772661402,2017-05-18
INDVOTER101307,Shaurya Sethi,66,Female,9618486979,shauryasethi453420@yahoo.com,"H.No. 01, Saha Nagar, Nagpur-695165",Goa,363621,357200009767,2016-06-10
INDVOTER101101,Qasim Joshi,57,Other,9586710582,qasimjoshi454743@gmail.com,"406, Aurora Zila, Hindupur-561656",Mizoram,238139,401519965135,2018-10-10
INDVOTER101117,Maya Ghose,85,Male,9783767517,mayaghose455356@yahoo.com,"74/26, Datta Ganj, Mango-192624",Kerala,907094,791143969272,2019-07-16
INDVOTER100849,Nandini Walia,47,Female,9343775500,nandiniwalia45685@gmail.com,"636, Chandra Road, Kota 668886",Telangana,734293,562267224902,2023-04-02
INDVOTER100686,Rachit Bera,81,Female,9442923447,rachitbera457833@yahoo.com,"64/462, Rattan Street, Pallavaram 015074",Andhra Pradesh,812987,999463400858,2015-05-14
INDVOTER101265,Bakhshi Das,35,Male,9602269899,bakhshidas458675@gmail.com,"52/75, Pai Chowk, Ujjain 415801",Karnataka,054915,944715853564,2017-08-16
INDVOTER101214,Chaaya Seshadri,48,Other,9680761945,chaayaseshadri459935@yahoo.com,"36/381, Soman Chowk, Medininagar 797969",Rajasthan,375047,056441257908,2017-03-08
INDVOTER101051,Adya Tank,31,Female,9906916267,adyatank460680@yahoo.com,"14/14, Kalla Nagar, Morena-416182",Mizoram,775608,638828054379,2022-07-03
INDVOTER101269,Tanveer Dhingra,61,Other,9585036265,tanveerdhingra461763@gmail.com,"704, Luthra Road, Karnal 342535",Haryana,140620,983005041045,2022-03-10
INDVOTER100616,Pranit Master,68,Female,9572087287,pranitmaster462812@yahoo.com,"15/428, Aurora Circle, Panvel-748205",Jharkhand,633045,420379748469,2018-02-21
INDVOTER101442,Yadavi Das,57,Other,9000378670,yadavidas463784@outlook.com,"H.No. 17, Pillay Marg, Solapur 931929",Sikkim,468238,568271884150,2023-12-02
INDVOTER100731,Urmi Deo,80,Other,9283187913,urmideo464749@gmail.com,"H.No. 56, Parekh Chowk, Noida-487586",Madhya Pradesh,956430,940861786497,2023-09-20
INDVOTER101270,Vasatika Bahl,85,Female,9895094652,vasatikabahl465426@yahoo.com,"H.No. 91, Mann Path, Kurnool 526294",Gujarat,627503,592542279882,2016-09-20
INDVOTER101197,Krish Grover,65,Male,9316083490,krishgrover46644@outlook.com,"H.No. 315, Iyer Marg, Machilipatnam-166432",Sikkim,556294,099672479335,2017-04-04
INDVOTER101224,Arjun Shetty,84,Female,9558802682,arjunshetty467100@outlook.com,"H.No. 036, Naik Road, Kamarhati 598620",Kerala,018329,494436521557,2022-08-31
INDVOTER100966,Yatin Patil,90,Other,9534673588,yatinpatil468340@yahoo.com,"168, Shah Road, Morena-134708",Meghalaya,054331,180602923841,2018-07-13
INDVOTER100799,Sathvik Mohan,89,Other,9912523505,sathvikmohan469289@outlook.com,"H.No. 11, Ganguly Street, Morena-367415",Haryana,611302,622015223338,2022-05-20
INDVOTER100696,Damyanti Prabhu,83,Male,9715794170,damyantiprabhu470540@outlook.com,"189, Dar Road, Sambalpur-151173",Goa,644303,623967963787,2020-05-22
INDVOTER101339,Chandresh Rau,42,Female,9377168751,chandreshrau471798@yahoo.com,"H.No. 084, Kadakia, Dhule-144624",Haryana,178362,982198902033,2017-09-28
INDVOTER101276,Yamini Goda,59,Male,9907345195,yaminigoda472795@gmail.com,"H.No. 87, Jain Street, Thanjavur-750459",Himachal Pradesh,062236,381970923777,2017-12-24
INDVOTER101443,Qarin Sidhu,85,Female,9993064211,qarinsidhu47315@outlook.com,"587, Chandra Nagar, Munger 889647",Assam,495584,286614388646,2015-05-31
INDVOTER101275,Netra Nagi,84,Other,9250713482,netranagi474529@gmail.com,"447, Cheema Chowk, Bareilly-930172",Arunachal Pradesh,436018,390286391591,2023-10-14
INDVOTER101052,Janani Babu,67,Female,9841088807,jananibabu475727@outlook.com,"60/09, Wagle Marg, Jamshedpur-403539",Tripura,362515,261361127007,2015-11-02
INDVOTER101279,Osha Kashyap,32,Male,9993647977,oshakashyap476655@outlook.com,"424, Krishnamurthy Street, Aurangabad-112829",Tamil Nadu,576140,071944680592,2018-11-16
INDVOTER101334,Janani Yohannan,49,Female,9315300135,jananiyohannan477274@yahoo.com,"99, Peri Nagar, Solapur-892348",Meghalaya,774989,115616942100,2019-02-09
INDVOTER100522,Oni Pandey,87,Other,9734357356,onipandey478763@yahoo.com,"406, Palla Chowk, Suryapet 864753",Goa,729996,121537876625,2021-09-06
INDVOTER101201,Ekaraj Rai,73,Other,9046939118,ekarajrai479531@gmail.com,"18, Rao Circle, Tinsukia-933567",Andhra Pradesh,661082,418043163322,2022-08-07
INDVOTER101363,Triveni Mitra,88,Male,9564043119,trivenimitra480839@outlook.com,"H.No. 74, Rajagopalan Chowk, Ghaziabad-012882",Mizoram,017448,190150688924,2022-07-23
INDVOTER101331,Mohammed Nair,64,Male,9588191476,mohammednair481536@outlook.com,"H.No. 350, Sachdeva, Bidar-562039",Madhya Pradesh,899049,473830708704,2019-06-11
INDVOTER100942,Benjamin Prashad,64,Other,9188150283,benjaminprashad482102@outlook.com,"77/40, Buch Path, Satara 659933",Meghalaya,967816,117030789837,2018-12-19
INDVOTER100752,Vincent Kohli,73,Male,9073711889,vincentkohli48361@gmail.com,"53/87, Sha, Coimbatore 583236",Haryana,874387,790545713397,2017-06-27
INDVOTER101040,Tanish Kothari,59,Male,9836137930,tanishkothari484157@gmail.com,"58, Prabhakar Street, Bhubaneswar-907264",Bihar,299052,926670225715,2017-09-17
INDVOTER101253,Chakradev Lala,71,Male,9095441641,chakradevlala485745@outlook.com,"H.No. 041, Iyer Street, Panvel-062014",Punjab,671626,842811247511,2017-02-27
INDVOTER101164,Finn Dey,48,Female,9658231066,finndey48683@yahoo.com,"12, Babu Chowk, Tinsukia-267311",Sikkim,352344,021375195138,2017-02-10
INDVOTER101472,Matthew Vora,70,Other,9080995844,matthewvora487239@gmail.com,"271, Bhatnagar Road, Singrauli-874576",Chhattisgarh,754190,095111498762,2022-07-10
INDVOTER100664,Warhi Suresh,41,Female,9022510076,warhisuresh488170@outlook.com,"58/85, Gala Marg, Gorakhpur-325599",Manipur,081452,194310620665,2018-03-28
INDVOTER101202,Nidhi Rai,72,Male,9638351815,nidhirai489811@yahoo.com,"H.No. 805, Andra Street, Nizamabad 134740",Odisha,643557,078472602172,2016-01-13
INDVOTER101015,Baghyawati Kari,65,Other,9773556445,baghyawatikari49048@gmail.com,"H.No. 550, Gulati, Berhampore 273561",Meghalaya,207821,011352359744,2019-01-18
INDVOTER101225,Vasudha Agrawal,72,Other,9893538895,vasudhaagrawal491304@gmail.com,"H.No. 103, Bajaj Chowk, Machilipatnam 535376",Arunachal Pradesh,652285,443443138048,2023-07-14
INDVOTER100603,Kabir Walia,82,Female,9004361934,kabirwalia492376@outlook.com,"H.No. 967, Pillay Marg, Ludhiana 467838",Gujarat,602813,976130716320,2017-08-05
INDVOTER101280,Yash Dua,59,Other,9943444439,yashdua493743@outlook.com,"H.No. 638, Wason Chowk, Karaikudi-083760",Arunachal Pradesh,102183,821660623075,2023-01-19
INDVOTER101144,Ansh Dutta,28,Female,9775317176,anshdutta494286@yahoo.com,"H.No. 36, Sandhu Nagar, Ulhasnagar 978668",Karnataka,708422,806805862207,2021-01-20
INDVOTER101258,Pooja Iyengar,77,Male,9129026095,poojaiyengar495612@yahoo.com,"87/09, Rao, Tirupati-791684",Bihar,777449,104017921669,2019-10-01
INDVOTER101096,Nihal Vohra,71,Other,9939087341,nihalvohra496512@yahoo.com,"22, Bedi, Thiruvananthapuram 122186",Andhra Pradesh,219151,916782364294,2020-03-07
INDVOTER100692,Umang Apte,70,Other,9962996363,umangapte497960@yahoo.com,"694, Pandey Chowk, Phagwara-930455",Mizoram,347406,181029334511,2022-10-09
INDVOTER100558,Barkha Sarkar,72,Female,9649346284,barkhasarkar498251@gmail.com,"489, Gola Circle, Moradabad 197195",Chhattisgarh,114810,400022748265,2021-07-07
INDVOTER101361,Ekanta Tak,80,Other,9975736586,ekantatak499613@yahoo.com,"H.No. 518, Sundaram Nagar, Chandigarh-047188",Madhya Pradesh,716418,690766937276,2018-11-17
INDVOTER100927,Kiaan Babu,84,Other,9170722654,kiaanbabu500511@gmail.com,"40/07, Bava Road, Aligarh-208531",Assam,896044,301255551834,2022-11-16
INDVOTER101399,Raagini Sarna,57,Male,9679234969,raaginisarna501821@gmail.com,"13/963, Som Ganj, Miryalaguda 928039",West Bengal,117754,323307229485,2016-10-07
INDVOTER101116,Idika Peri,28,Female,9936713378,idikaperi502202@outlook.com,"H.No. 804, Kara Ganj, Surat-816945",Meghalaya,259999,841504208644,2016-01-02
INDVOTER100613,Avni Menon,40,Male,9377888971,avnimenon503822@gmail.com,"63/379, Sani Path, Bhimavaram-452468",Chhattisgarh,761664,147094374375,2021-11-03
INDVOTER100657,Faraj Master,33,Other,9559394013,farajmaster504857@yahoo.com,"776, Mitra Path, Salem 596331",Kerala,654993,681032985829,2016-05-22
INDVOTER101233,Gaurika Pingle,44,Female,9667760842,gaurikapingle505285@yahoo.com,"845, Bajaj Marg, Chinsurah-926773",Himachal Pradesh,381232,041794271414,2020-05-06
INDVOTER100891,Chandani Acharya,61,Male,9559838149,chandaniacharya506886@outlook.com,"42/60, Devi Nagar, Ujjain-511936",Uttarakhand,885483,485222946660,2022-02-18
INDVOTER100609,Zaitra Nair,24,Other,9714280384,zaitranair507516@yahoo.com,"96/12, Pillay Marg, Malegaon-033405",Goa,237663,332655564437,2017-08-09
INDVOTER101437,Jeevika Nazareth,28,Male,9642307371,jeevikanazareth508470@outlook.com,"65, Upadhyay Path, Surat 223914",Kerala,391393,389363238880,2023-10-26
INDVOTER101069,Zinal Taneja,61,Male,9110686722,zinaltaneja509536@outlook.com,"H.No. 751, Shenoy Zila, Fatehpur-660038",Bihar,138605,387524388514,2018-04-28
INDVOTER100608,Fariq Kalita,68,Other,9434213378,fariqkalita510369@gmail.com,"84, Lanka Street, Sikar 270059",Telangana,182892,134455082363,2019-10-20
INDVOTER101396,Aarav Loyal,83,Male,9532013646,aaravloyal511862@gmail.com,"H.No. 82, Pant Nagar, Pimpri-Chinchwad 204546",Tripura,048436,622907216961,2015-11-11
INDVOTER101030,Ikshita Bansal,21,Female,9318947249,ikshitabansal512912@outlook.com,"44, Arya Ganj, Bhopal 442267",Tamil Nadu,757612,538520741713,2018-04-13
INDVOTER101330,Udyati Mane,41,Male,9338372231,udyatimane513954@yahoo.com,"H.No. 349, Subramaniam Circle, Bareilly-850017",Manipur,748456,012686152734,2017-01-24
INDVOTER101219,Warinder Keer,22,Male,9207502183,warinderkeer514790@yahoo.com,"H.No. 41, Bera Street, Bilaspur 532336",Maharashtra,690815,900303243503,2016-04-28
INDVOTER101335,Pranit Gara,45,Other,9032109373,pranitgara515973@gmail.com,"92/71, Gara Path, Silchar 248315",Assam,157417,951169476985,2017-07-24
INDVOTER101086,Gaurav Chaudhry,58,Male,9744352121,gauravchaudhry516545@gmail.com,"41/497, Lanka Street, Nellore-993070",Maharashtra,198764,031362297095,2016-11-20
INDVOTER100676,Krisha Mannan,90,Female,9826470880,krishamannan517652@gmail.com,"83, Chaudhuri Road, Barasat-207903",Odisha,588109,452395751499,2023-08-21
INDVOTER100994,Zayan Srivastava,21,Other,9890264807,zayansrivastava518811@yahoo.com,"222, Prasad Zila, Kanpur-689067",Rajasthan,942535,727558239370,2015-12-10
INDVOTER101343,Darika Jaggi,74,Female,9881662171,darikajaggi519473@gmail.com,"63/732, Kala Path, Visakhapatnam-209588",Jharkhand,644149,115849649067,2022-05-19
INDVOTER101438,Xiti Sahota,22,Female,9249890614,xitisahota52037@yahoo.com,"276, More Marg, Panihati 554813",Kerala,252634,197900646410,2022-10-31
INDVOTER100728,Maanas Mann,27,Female,9306994337,maanasmann521884@gmail.com,"10, Yohannan Street, Vasai-Virar-563598",Arunachal Pradesh,327150,862268590243,2020-11-24
INDVOTER101382,Diya Vohra,37,Other,9680988615,diyavohra522906@gmail.com,"H.No. 073, Bhakta Circle, Nandyal-601739",Assam,727498,748555445132,2019-09-20
INDVOTER101462,Mekhala Batra,80,Male,9725040400,mekhalabatra523659@outlook.com,"H.No. 386, Murthy, Shivpuri-661427",Uttar Pradesh,260938,882027847494,2022-09-04
INDVOTER101507,Abhiram Rout,22,Other,9850804452,abhiramrout524825@outlook.com,"464, Cherian Zila, Vellore 412297",Telangana,660236,301297581332,2021-01-02
INDVOTER101146,Divya Behl,42,Female,9879065860,divyabehl525135@yahoo.com,"53/47, Cheema Circle, Bidhannagar 299522",Chhattisgarh,274974,653378539046,2016-03-10
INDVOTER101080,Kashish Sarin,50,Female,9490613376,kashishsarin526722@gmail.com,"97/30, Naik Ganj, Bhatpara-881823",Maharashtra,409083,760361449302,2022-04-06
INDVOTER100857,Warinder Thaker,18,Male,9852089438,warinderthaker527937@gmail.com,"H.No. 12, Shan Nagar, Madhyamgram 651581",Assam,385378,314015766869,2019-12-25
INDVOTER101132,Vaishnavi Bobal,83,Other,9560766979,vaishnavibobal528490@yahoo.com,"H.No. 191, Deshpande, Delhi-936962",Kerala,607286,708543649328,2023-09-21
INDVOTER100694,Isha Badami,25,Other,9036825146,ishabadami529680@yahoo.com,"H.No. 748, Nadkarni Ganj, Gurgaon 946796",Punjab,698868,320041011782,2018-01-15
INDVOTER101446,Vivaan Divan,81,Female,9596658548,vivaandivan530298@outlook.com,"H.No. 38, Mohan Zila, Saharsa 036088",Chhattisgarh,095553,000530114826,2015-12-28
INDVOTER101425,Veer Gara,86,Female,9585539774,veergara531408@outlook.com,"59/84, Datta Chowk, Begusarai-148742",Telangana,023487,757997530321,2018-01-08
INDVOTER101232,Anita Shan,90,Female,9619150257,anitashan532226@yahoo.com,"400, Yogi Marg, Ludhiana-394804",Manipur,031821,500879560455,2017-03-18
INDVOTER101358,Rachita Hayer,74,Other,9957939658,rachitahayer533767@gmail.com,"H.No. 73, Aurora Path, Amroha 363529",Nagaland,007055,051971814593,2016-09-04
INDVOTER101411,Samaksh Karnik,87,Female,9743489453,samakshkarnik534958@yahoo.com,"65/04, Kuruvilla Marg, Madanapalle 208742",West Bengal,074270,894879049618,2022-03-01
INDVOTER101028,Rushil Loke,30,Other,9734870257,rushilloke535759@gmail.com,"191, Ramachandran Road, Amritsar-404287",Arunachal Pradesh,242145,297747247996,2016-05-15
INDVOTER101257,Chatura Rai,29,Other,9478284029,chaturarai536936@yahoo.com,"H.No. 204, Jaggi Path, Dehradun-807126",Karnataka,389943,341340503530,2016-09-24
INDVOTER100970,Hemal Mitra,45,Other,9185867454,hemalmitra537294@gmail.com,"H.No. 754, Ghose Zila, Panchkula-128520",Odisha,266393,349396547206,2015-07-28
INDVOTER100581,Faras Chacko,77,Other,9567617755,faraschacko538828@gmail.com,"H.No. 15, Goda Nagar, Kolkata 006083",Assam,600707,108675875273,2022-03-10
INDVOTER100763,Nidhi Rama,47,Other,9255022667,nidhirama539533@gmail.com,"H.No. 84, Andra Chowk, Sirsa-853131",Karnataka,409883,662046996271,2022-11-05
INDVOTER101179,Finn Misra,73,Other,9548140595,finnmisra540439@outlook.com,"33/58, Goel, Adoni-252090",Tamil Nadu,219430,959894975754,2023-08-10
INDVOTER100950,Oni Seshadri,68,Female,9443017937,oniseshadri541148@outlook.com,"H.No. 646, Borra Circle, Shivpuri-763090",Punjab,717336,387384109021,2023-01-22
INDVOTER101055,Dev Andra,69,Female,9030651278,devandra542197@yahoo.com,"13/182, Swaminathan Nagar, Siwan 929155",Mizoram,655041,553059015192,2016-08-28
INDVOTER101455,Samuel Bhatia,41,Male,9243777701,samuelbhatia543193@outlook.com,"99/042, Anand Marg, Rourkela 258605",Bihar,405031,269838660665,2015-05-24
INDVOTER101103,Ekantika Hayre,24,Female,9694831668,ekantikahayre544367@gmail.com,"H.No. 01, Narula Nagar, Jalna-630745",Haryana,314364,654348579102,2019-01-19
INDVOTER100922,Anay Bali,19,Other,9431924452,anaybali545523@outlook.com,"17, Mistry Zila, Kota-805507",Assam,930823,801260307557,2022-04-16
INDVOTER101529,Ridhi Chada,30,Other,9384336935,ridhichada546733@yahoo.com,"H.No. 307, Pall Circle, Sultan Pur Majra-046803",Karnataka,346117,017824560584,2020-08-03
INDVOTER100743,Ishanvi Bhandari,45,Female,9868395755,ishanvibhandari547444@outlook.com,"74/927, Tata Circle, Chittoor 522694",Kerala,726353,837910161207,2020-09-16
INDVOTER100956,Vritti Date,42,Other,9865573175,vrittidate548101@gmail.com,"678, Biswas Chowk, Bahraich 230857",Nagaland,300165,844876877696,2018-11-17
INDVOTER101495,Udant Shere,52,Female,9011233635,udantshere549311@gmail.com,"32/501, Chand Street, Kota-482119",Gujarat,207597,940726819599,2015-05-16
INDVOTER101154,Bimala Saran,36,Other,9601787571,bimalasaran550707@outlook.com,"571, Ganesh Circle, Dehri-576667",Rajasthan,515614,780559062091,2019-05-27
INDVOTER100782,Kashish Morar,45,Other,9216986198,kashishmorar551221@yahoo.com,"60/633, Kari Ganj, Ghaziabad 015026",Tripura,787497,749491730389,2023-03-07
INDVOTER101067,Jackson Sundaram,30,Female,9749988765,jacksonsundaram552713@outlook.com,"195, Mitter Chowk, Panvel-535954",Goa,454248,709094694517,2017-06-09
INDVOTER101241,Alexander Sankar,86,Other,9237978913,alexandersankar553184@yahoo.com,"H.No. 039, Narayanan Zila, Kalyan-Dombivli 218698",Maharashtra,924429,819780794307,2016-03-28
INDVOTER101170,Indira De,48,Female,9546474834,indirade554383@yahoo.com,"64/981, Mammen Street, Suryapet 151538",Rajasthan,931651,358361274922,2021-08-30
INDVOTER100983,Thomas Hari,30,Other,9293588810,thomashari555221@yahoo.com,"11, Madan Path, Anantapuram-405255",Assam,525269,072095287497,2019-09-12
INDVOTER101256,Kamala Sharaf,25,Female,9668465023,kamalasharaf556441@yahoo.com,"H.No. 889, Bhavsar Chowk, Nadiad 035306",Kerala,752909,755754298121,2016-07-30
INDVOTER101406,Harrison Brahmbhatt,29,Female,9531966045,harrisonbrahmbhatt557472@yahoo.com,"53/737, Sastry Street, Gorakhpur 055593",Maharashtra,049163,676480295426,2017-06-20
INDVOTER100684,Ryan Taneja,38,Female,9583595846,ryantaneja558717@outlook.com,"59/54, Dixit Ganj, Baranagar 408733",Rajasthan,581763,805608285128,2016-06-19
INDVOTER101153,Yug Mukherjee,18,Male,9939784493,yugmukherjee55962@outlook.com,"23/426, Chaudhary Marg, Bhind 493541",Mizoram,333362,793799838787,2023-11-28
INDVOTER100991,Jonathan Mohan,36,Male,9416681140,jonathanmohan560417@outlook.com,"214, Nagar, Moradabad 464489",Jharkhand,473133,651064594400,2020-06-15
INDVOTER100971,Pallavi Oommen,28,Female,9009135004,pallavioommen561941@gmail.com,"H.No. 620, Verma Ganj, Haridwar 250330",Himachal Pradesh,614169,998796578996,2018-03-05
INDVOTER100982,Lucky Bose,53,Other,9415009678,luckybose562923@yahoo.com,"74/27, Naik Street, Gwalior-896838",Sikkim,247186,706864135204,2020-03-06
INDVOTER101151,Jason Grewal,25,Other,9037294261,jasongrewal563768@gmail.com,"H.No. 74, Nagarajan Street, Katihar-275118",Sikkim,479085,249483039856,2018-02-14
INDVOTER101095,Rayaan Kadakia,44,Other,9999701284,rayaankadakia564972@gmail.com,"237, Sule Road, Malda 901920",Uttar Pradesh,379072,946790139887,2021-04-15
INDVOTER101505,Krish Halder,50,Female,9877523047,krishhalder565521@outlook.com,"H.No. 208, Garde Circle, Thiruvananthapuram-374321",Andhra Pradesh,317450,291157687086,2018-03-22
INDVOTER100903,Lavanya Bhandari,50,Other,9072196432,lavanyabhandari566654@yahoo.com,"376, Nadig Road, Begusarai 079252",Sikkim,744864,743583403915,2015-02-12
INDVOTER100998,Faraj Mital,73,Other,9462108092,farajmital567733@gmail.com,"H.No. 19, Nagarajan Path, Gangtok-768586",Andhra Pradesh,411648,461503196334,2022-04-12
INDVOTER101087,Reva Venkatesh,54,Male,9313500177,revavenkatesh568147@yahoo.com,"56/99, Upadhyay Road, Chittoor-275704",Assam,599509,156445622737,2018-07-18
INDVOTER101159,Kamala Chadha,46,Male,9714891195,kamalachadha569700@gmail.com,"88, Kala Marg, Mehsana 232615",Assam,441642,607318798785,2023-10-12
INDVOTER100941,Sarthak Mital,80,Male,9491672270,sarthakmital570468@yahoo.com,"980, Chokshi, Panchkula-047637",Bihar,580340,962159430049,2019-10-27
INDVOTER100805,Mason Sachdev,74,Other,9188668391,masonsachdev571818@yahoo.com,"65/57, Kumer, Deoghar 167596",Jharkhand,539389,280521813044,2023-11-21
INDVOTER100913,Aarnav Ray,88,Male,9526411723,aarnavray572328@gmail.com,"11, Sane, Haridwar-083944",Jharkhand,712851,052753963964,2019-03-07
INDVOTER101506,Brinda Singhal,74,Male,9145536886,brindasinghal573210@yahoo.com,"H.No. 499, Pau Chowk, Jaunpur-305813",Haryana,927310,185009455595,2023-11-02
INDVOTER101552,Leela Deol,21,Other,9088486202,leeladeol574250@yahoo.com,"73/23, Wason Nagar, Udaipur-042903",Himachal Pradesh,790714,337021494941,2023-03-05
INDVOTER100777,Simon Bajwa,23,Male,9146212598,simonbajwa575592@outlook.com,"H.No. 07, Sachdev Zila, Hajipur-267346",Madhya Pradesh,853823,215602265538,2018-01-31
INDVOTER100770,Isha Narayan,31,Male,9399583610,ishanarayan576442@gmail.com,"59/111, Chana Path, Vadodara 539206",Nagaland,037887,028042058986,2021-11-19
INDVOTER101147,Neelima Savant,54,Other,9829222152,neelimasavant577242@gmail.com,"618, Prasad Street, Machilipatnam-195258",Odisha,216494,118440160931,2017-09-14
INDVOTER100887,Jhalak Gupta,69,Female,9156908626,jhalakgupta578562@yahoo.com,"021, Rajagopal, Mumbai 766737",Jharkhand,081697,351065576812,2017-02-20
INDVOTER101278,Triveni Bath,65,Male,9454860084,trivenibath579737@outlook.com,"18/405, Rana Street, Jaipur-682622",Kerala,433185,692410579742,2018-08-15
INDVOTER100904,Ucchal Patil,70,Female,9779071980,ucchalpatil580237@gmail.com,"890, Biswas Nagar, Anand 606812",Punjab,893545,824311806417,2017-04-06
INDVOTER101090,Pranav Panchal,58,Female,9291007654,pranavpanchal581530@gmail.com,"H.No. 131, Mohan Marg, Sirsa-156227",Uttar Pradesh,329405,202607841870,2018-04-10
INDVOTER101577,Warinder Upadhyay,90,Other,9023966459,warinderupadhyay582864@yahoo.com,"380, Sura Circle, Gulbarga-874786",Punjab,168272,115672407114,2017-09-10
INDVOTER100929,Suhani Lata,58,Male,9010130744,suhanilata583616@yahoo.com,"72/70, Karnik Street, Hospet-275235",Maharashtra,368750,479812032326,2019-06-24
INDVOTER101497,Devika Modi,68,Other,9537355541,devikamodi584273@outlook.com,"H.No. 460, Mukherjee Path, Kakinada-936549",Maharashtra,205417,413726841802,2020-01-23
INDVOTER100989,Aarav Shere,32,Female,9470352436,aaravshere585967@yahoo.com,"H.No. 29, Mann Street, Chinsurah-395102",West Bengal,375476,572522834091,2018-06-11
INDVOTER101466,Hema Narula,85,Female,9875264987,hemanarula58655@outlook.com,"37/01, Ramaswamy Zila, Hapur 781546",Meghalaya,846130,942553337427,2019-08-11
INDVOTER101133,Ikbal Jaggi,75,Male,9947973985,ikbaljaggi587887@outlook.com,"H.No. 73, Borde Chowk, Muzaffarnagar-791118",Bihar,296373,517631446163,2019-11-23
INDVOTER101534,Abha Pant,51,Other,9427873358,abhapant588552@yahoo.com,"40/12, Rai Marg, Dewas-117638",Uttar Pradesh,418232,238648918902,2022-12-30
INDVOTER100668,Quincy Korpal,22,Male,9071647712,quincykorpal58922@gmail.com,"31/04, Ghose Street, Morbi-337316",Odisha,669326,002000861950,2019-03-29
INDVOTER100786,Arunima Sheth,72,Female,9873190906,arunimasheth590524@yahoo.com,"60, Kapoor Circle, Barasat 630800",Telangana,644834,910465814972,2016-12-30
INDVOTER100793,Janya Dora,56,Other,9126916396,janyadora59134@gmail.com,"31/89, Nori Path, Karnal 634612",Himachal Pradesh,677275,764319296552,2015-09-10
INDVOTER100771,Christopher Korpal,48,Other,9927441134,christopherkorpal592541@outlook.com,"43, Balakrishnan Zila, Purnia 873178",Meghalaya,557274,533146310626,2020-03-17
INDVOTER101242,Vedika Om,62,Other,9318187079,vedikaom593472@yahoo.com,"04/21, Sharaf Path, Vijayanagaram-286767",Punjab,078812,480783053387,2020-03-26
INDVOTER101392,Ayush Memon,87,Female,9713770360,ayushmemon594802@outlook.com,"62/816, Borde Street, Hospet-355671",Punjab,810992,194291455835,2023-09-28
INDVOTER101305,Pratyush Kothari,83,Female,9709150076,pratyushkothari595302@outlook.com,"92, Babu Path, Kota 457241",Maharashtra,592605,353116040288,2019-10-25
INDVOTER101553,Sachi Lata,49,Female,9707308894,sachilata596476@yahoo.com,"27, Bahri Circle, Morbi-773858",Jharkhand,077414,985623904689,2015-01-13
INDVOTER101541,Maanav Balan,89,Male,9321734216,maanavbalan597522@yahoo.com,"H.No. 289, Roy Zila, Bidhannagar-564966",Tamil Nadu,818167,817459506420,2022-12-31
INDVOTER101430,Jeevika Seth,30,Female,9863320109,jeevikaseth598954@outlook.com,"85/64, Gara Circle, Ongole 761762",Arunachal Pradesh,429361,697315350052,2017-06-27
INDVOTER101216,Yatin Sani,21,Male,9213533353,yatinsani599721@outlook.com,"20/78, Padmanabhan Chowk, Parbhani 034135",Gujarat,601444,885614685023,2023-06-20
INDVOTER101345,Lakshmi Sama,75,Male,9655438881,lakshmisama600418@outlook.com,"H.No. 75, Kumer Nagar, Purnia-674969",Andhra Pradesh,627938,919402022218,2017-02-09
INDVOTER101352,Rayaan Tak,29,Female,9903822351,rayaantak601704@yahoo.com,"64/19, Borra, Bhilwara 588165",Arunachal Pradesh,248361,299409907754,2021-12-14
INDVOTER101445,Qarin Kunda,36,Male,9371878423,qarinkunda602345@yahoo.com,"H.No. 55, Mukhopadhyay Zila, Delhi 426055",Meghalaya,723019,498619562034,2017-11-06
INDVOTER101593,Neelima Tak,72,Male,9748068326,neelimatak603890@gmail.com,"85/904, Shah Circle, Kharagpur-380547",Tripura,971264,121103018326,2018-04-11
INDVOTER101572,Bishakha Gola,73,Other,9991560369,bishakhagola604718@outlook.com,"H.No. 877, Batra Ganj, Siliguri-599627",Tamil Nadu,293232,696918984280,2021-12-02
INDVOTER101203,Yuvraj Sehgal,51,Female,9849826414,yuvrajsehgal605527@gmail.com,"H.No. 665, Menon Ganj, Dibrugarh 967513",Uttarakhand,503457,052369970327,2015-04-05
INDVOTER100736,Ishita Bose,77,Male,9929918265,ishitabose606711@gmail.com,"352, Arya Nagar, Mumbai 734633",Rajasthan,375137,960664062098,2023-12-13
INDVOTER101433,Diya Arya,57,Female,9979267829,diyaarya607731@gmail.com,"H.No. 44, Chowdhury Chowk, North Dumdum-845391",Bihar,928527,210646386571,2018-11-21
INDVOTER101306,Vanya Shah,58,Male,9947377970,vanyashah608306@yahoo.com,"17/815, Salvi Chowk, Muzaffarpur 956586",Andhra Pradesh,253032,176251661362,2021-09-09
INDVOTER100836,Bina Lad,47,Other,9413512303,binalad609644@yahoo.com,"259, Krishnan Zila, Lucknow 991553",Jharkhand,868425,995967910241,2017-03-29
INDVOTER101492,Lakshmi Choudhary,51,Female,9877996389,lakshmichoudhary610377@outlook.com,"H.No. 947, Butala, Tenali-016193",Nagaland,029511,051553837298,2020-12-31
INDVOTER101488,Charles Karan,67,Other,9636652241,charleskaran61196@yahoo.com,"993, Dixit Street, Adoni 672306",Arunachal Pradesh,025833,819126073560,2015-04-09
INDVOTER100647,Elijah Sathe,23,Female,9553333391,elijahsathe612985@gmail.com,"84, Bahri Zila, Sonipat 866237",Tripura,042081,192832501136,2022-12-21
INDVOTER100792,Tripti Varma,36,Male,9138106417,triptivarma613983@yahoo.com,"72/69, Nayar Street, Miryalaguda 186545",Haryana,098366,273583461155,2016-08-10
INDVOTER100816,Amruta Morar,26,Female,9011778752,amrutamorar614515@yahoo.com,"H.No. 425, Dass Ganj, Sri Ganganagar 752878",Nagaland,238245,100813863521,2016-03-01
INDVOTER101423,Eshana Luthra,27,Female,9938095663,eshanaluthra61581@outlook.com,"91/778, Kara, Jaipur 199717",Odisha,386370,070410909672,2016-04-20
INDVOTER101074,Vasatika Mander,31,Other,9167824022,vasatikamander616428@gmail.com,"H.No. 20, Deol, Sangli-Miraj & Kupwad-386345",Tamil Nadu,773459,811284508741,2021-12-18
INDVOTER101013,Rajeshri Shukla,47,Other,9955120636,rajeshrishukla617990@outlook.com,"953, Nagy Marg, Jabalpur 168631",Punjab,094020,867863790575,2016-03-12
INDVOTER100660,Anusha Sachdev,79,Female,9261019461,anushasachdev618621@yahoo.com,"H.No. 757, Rau Path, Mira-Bhayandar 410308",Uttar Pradesh,441865,835030932785,2018-05-01
INDVOTER100980,Advika Kohli,39,Female,9921625710,advikakohli619144@gmail.com,"455, Mukherjee Nagar, Bhusawal-255225",Nagaland,534046,459590765476,2018-03-05
INDVOTER100709,Aahana Bahl,21,Other,9774181038,aahanabahl620641@gmail.com,"43/76, Yogi, Kolkata-584063",Mizoram,212595,277109631265,2015-10-09
INDVOTER101601,Timothy Sood,63,Other,9262615894,timothysood621168@outlook.com,"092, Sami Ganj, Parbhani-839283",Jharkhand,614667,272017510067,2015-07-06
INDVOTER101229,Amol Kala,75,Male,9520642816,amolkala622812@yahoo.com,"35, Mane Road, Sultan Pur Majra-655866",Bihar,274005,439462255557,2020-04-07
INDVOTER101447,Mahika Peri,62,Male,9862053936,mahikaperi623258@gmail.com,"72/427, Sami Circle, Nagercoil 084822",Nagaland,206434,877107772567,2021-02-25
INDVOTER100870,Frado Rastogi,43,Other,9617209075,fradorastogi624632@outlook.com,"97/72, Dhillon Road, Jodhpur 653882",Nagaland,493012,641802985101,2015-06-24
INDVOTER101519,Meghana Samra,70,Male,9521812062,meghanasamra625787@yahoo.com,"74/59, Nagarajan Ganj, Hazaribagh-556052",Gujarat,891352,544287735313,2017-06-16
INDVOTER100984,Ikbal Naik,90,Male,9770592368,ikbalnaik626351@yahoo.com,"H.No. 76, Sehgal Ganj, Tadipatri-766636",Goa,684757,370053319343,2021-04-15
INDVOTER101004,Yutika Jhaveri,42,Other,9496493419,yutikajhaveri627519@gmail.com,"H.No. 23, Sunder Zila, Bhatpara-767804",Manipur,112175,847215174373,2020-05-22
INDVOTER100744,Chanchal Rastogi,38,Male,9916800291,chanchalrastogi628980@outlook.com,"00/90, Bhattacharyya Marg, Jabalpur-965604",Uttarakhand,682590,072122739325,2021-09-15
INDVOTER101105,Zansi Savant,82,Male,9890782459,zansisavant629610@yahoo.com,"03/99, Karnik Street, Guna 649785",Karnataka,590316,200924731254,2019-06-16
INDVOTER101604,Laban Pingle,36,Male,9174068473,labanpingle630198@outlook.com,"63/885, Ghosh Street, Jammu-037354",Tripura,792324,737606660555,2020-02-06
INDVOTER100952,Rachita Patil,39,Female,9643823678,rachitapatil631748@yahoo.com,"307, Kannan Zila, Tadepalligudem 587236",Tamil Nadu,183973,651104914240,2019-04-19
INDVOTER101093,Charita Mannan,26,Other,9501319678,charitamannan632439@outlook.com,"57/031, Ram Nagar, Karnal 086573",Bihar,101804,938174561696,2019-09-10
INDVOTER101550,Garima Sandal,19,Male,9281918049,garimasandal633679@yahoo.com,"33, Sem Ganj, Machilipatnam-929231",Punjab,641863,226292686398,2019-10-15
INDVOTER100957,Urishilla Saraf,33,Female,9266268073,urishillasaraf634813@outlook.com,"49/98, Ravi Zila, Muzaffarpur-588403",Meghalaya,880369,441906241902,2020-08-05
INDVOTER101418,Daksha Dora,59,Other,9979599528,dakshadora635723@gmail.com,"H.No. 99, Dixit Zila, Gandhinagar-592666",Sikkim,479229,017255065711,2018-02-03
INDVOTER100654,Anjali Halder,49,Other,9143738370,anjalihalder636765@gmail.com,"843, Iyengar, Amaravati-479314",West Bengal,057821,448919161348,2018-01-03
INDVOTER101415,Abhiram Pandey,68,Male,9104307180,abhirampandey637105@yahoo.com,"07, Mangat Nagar, Pune 830266",Rajasthan,432304,403560211330,2021-01-03
INDVOTER100762,Nidhi Banik,79,Male,9132637253,nidhibanik638839@gmail.com,"11/96, Natarajan Nagar, Mathura 768737",Manipur,348635,075326241161,2022-07-21
INDVOTER100977,Lekha Kota,78,Female,9978261381,lekhakota639459@outlook.com,"01/81, Prabhakar Street, Noida-968783",Maharashtra,054322,663746020377,2015-06-05
INDVOTER101077,Kabir Roy,40,Other,9108112119,kabirroy640919@gmail.com,"H.No. 88, Divan Zila, Parbhani 867815",Mizoram,294147,786189992836,2023-09-09
INDVOTER101397,Yashawini Mistry,57,Other,9481580399,yashawinimistry641366@gmail.com,"51, Chakrabarti Zila, Jabalpur 705152",Odisha,373610,630829960867,2021-01-14
INDVOTER101621,Adya Uppal,33,Other,9690722706,adyauppal64271@gmail.com,"67/871, Parsa Circle, Orai 173191",Mizoram,263631,388490225770,2015-09-18
INDVOTER101072,Jeet Bhakta,86,Female,9329078851,jeetbhakta643203@gmail.com,"986, Mohan Path, Bidar-739477",Gujarat,818896,251534059666,2020-02-06
INDVOTER101323,Tanmayi Date,44,Female,9302184700,tanmayidate644163@gmail.com,"H.No. 19, Narayan Chowk, Khandwa-211092",Karnataka,798482,040740962833,2015-03-01
INDVOTER101557,Azad Chaudhari,35,Other,9398259233,azadchaudhari645861@gmail.com,"663, Lanka Nagar, Vijayanagaram 338830",Sikkim,204395,816382993898,2018-09-20
INDVOTER101254,Udant Mand,45,Other,9717937665,udantmand646432@outlook.com,"96, Nath Zila, Bokaro-042392",Rajasthan,137644,734675856061,2017-08-23
INDVOTER101223,Oviya Varma,77,Male,9403843627,oviyavarma647932@outlook.com,"499, Basu Ganj, Kishanganj-729857",Haryana,396516,965562471759,2022-08-07
INDVOTER101128,Faris Mani,55,Female,9743134389,farismani648396@outlook.com,"H.No. 10, Badami Marg, Jabalpur-580807",Madhya Pradesh,493140,222786870402,2017-02-10
INDVOTER101582,Ijaya Divan,68,Male,9623388765,ijayadivan649834@yahoo.com,"H.No. 46, Dayal Chowk, Alwar-086548",Nagaland,773003,914509833625,2020-11-15
INDVOTER101130,Veer Dixit,62,Female,9483750431,veerdixit650920@gmail.com,"145, Dara Nagar, Panvel-978590",Gujarat,672187,678948937797,2021-04-26
INDVOTER101537,Hamsini Kapoor,40,Male,9893723362,hamsinikapoor651413@yahoo.com,"329, Rastogi Chowk, Bally 807365",Madhya Pradesh,898459,420628881539,2016-12-15
INDVOTER101284,Lucky Som,88,Other,9632959573,luckysom652822@outlook.com,"46, Kale Road, Pallavaram-984850",Andhra Pradesh,340067,610762474783,2023-06-04
INDVOTER101036,Ganga Tripathi,20,Other,9281936974,gangatripathi653241@yahoo.com,"28, Khalsa Ganj, Aizawl-913838",Haryana,044442,071524349182,2016-10-17
INDVOTER101477,Arjun Banerjee,49,Male,9616609297,arjunbanerjee654240@yahoo.com,"165, Zachariah Zila, Jorhat-431607",Mizoram,387072,394382483791,2018-04-12
INDVOTER101615,Gayathri Lad,33,Male,9117475484,gayathrilad655408@yahoo.com,"H.No. 967, Prabhu Circle, Dhanbad-290147",Rajasthan,205839,504389558816,2022-06-23
INDVOTER101652,Kalpit Devan,19,Other,9937953702,kalpitdevan65683@outlook.com,"48/410, Mahal Chowk, Pondicherry 691669",Chhattisgarh,282491,950456082557,2017-04-04
INDVOTER101485,Anmol Dube,69,Other,9463782375,anmoldube657446@gmail.com,"595, Toor Road, Udupi-679491",Meghalaya,165856,680583236718,2018-12-09
INDVOTER101605,Kavya Chakrabarti,52,Female,9140496505,kavyachakrabarti65831@outlook.com,"082, Mangal Zila, Faridabad-016493",Andhra Pradesh,229383,320679147438,2021-12-09
INDVOTER101379,Chameli Balakrishnan,70,Female,9980271736,chamelibalakrishnan659815@outlook.com,"H.No. 57, Loyal Road, Gwalior-640257",Telangana,788857,906599398890,2017-08-29
INDVOTER101277,Jairaj Bhandari,70,Female,9975004854,jairajbhandari66098@yahoo.com,"38, Babu Street, Jaunpur 884229",Andhra Pradesh,041123,981050435242,2022-01-12
INDVOTER101031,Hritik Gola,28,Other,9054909500,hritikgola66182@gmail.com,"43/849, Batra Ganj, Rajpur Sonarpur-142503",Bihar,541811,556792690455,2016-12-10
INDVOTER101554,Pooja Korpal,23,Other,9078054464,poojakorpal662151@yahoo.com,"93/463, Das Ganj, Jalgaon 715849",Kerala,052207,528014594393,2016-06-26
INDVOTER100758,Oni Sunder,31,Other,9509237904,onisunder663455@yahoo.com,"17/339, Narayanan Ganj, Morbi 545560",Assam,485956,418195442395,2017-09-12
INDVOTER100815,Shaurya Shankar,23,Other,9537160906,shauryashankar664989@outlook.com,"41, Swaminathan Ganj, Tirunelveli 585823",Rajasthan,342439,892753825802,2016-04-16
INDVOTER101213,Nathan Sunder,22,Female,9751455459,nathansunder665470@outlook.com,"949, Chacko Ganj, Morena 517999",Sikkim,435151,513135904029,2023-07-05
INDVOTER100682,Orinder Pillay,63,Female,9048387369,orinderpillay666217@yahoo.com,"69/699, Madan Road, Alwar 770658",Kerala,808202,529858930863,2021-12-27
INDVOTER101539,Manan Gupta,68,Female,9780531301,manangupta667194@gmail.com,"H.No. 75, Dhaliwal, Gurgaon 950239",Assam,660522,624398505139,2020-10-14
INDVOTER101141,Idika Kalla,31,Male,9128998507,idikakalla668151@yahoo.com,"691, Hayer Ganj, Khammam 589949",Goa,634787,169310728467,2017-07-17
INDVOTER101588,Vaishnavi Vala,56,Other,9991144571,vaishnavivala669950@outlook.com,"H.No. 10, Sura Chowk, Karimnagar-816868",Goa,870510,509664286601,2020-11-16
INDVOTER101584,Ladli Dhillon,65,Female,9658327718,ladlidhillon670993@yahoo.com,"12, Dhingra Marg, Kavali-219224",Tamil Nadu,095638,891865210661,2016-01-13
INDVOTER100882,Aarnav Sharma,53,Male,9698035669,aarnavsharma671629@yahoo.com,"H.No. 64, Narasimhan Chowk, Rohtak 592906",Karnataka,126164,033137281838,2020-08-05
INDVOTER101630,Samuel Parmer,59,Female,9162792928,samuelparmer672566@gmail.com,"430, Naidu Zila, Darbhanga-565267",Andhra Pradesh,644301,854294435535,2019-12-21
INDVOTER101548,Aryan Saha,56,Other,9203073243,aryansaha673668@gmail.com,"78, Sura Nagar, Chennai 555117",West Bengal,104376,051696835067,2019-11-17
INDVOTER100918,Zinal Din,42,Female,9039495415,zinaldin674856@outlook.com,"84/59, Sachdeva Marg, Katni 497991",Maharashtra,920071,819401256692,2023-07-30
INDVOTER101568,Praneel Bhargava,66,Other,9089656090,praneelbhargava675773@gmail.com,"387, Patil Street, Berhampore 927141",Rajasthan,644878,356897529765,2017-02-21
INDVOTER101325,Girindra Chaudhuri,19,Male,9566702901,girindrachaudhuri676585@gmail.com,"H.No. 00, Dash Marg, Anand-554409",Mizoram,412394,892455503843,2019-08-15
INDVOTER100742,Harita Padmanabhan,53,Female,9068379870,haritapadmanabhan677620@outlook.com,"H.No. 15, Ganesh Road, Rourkela 588810",Manipur,563162,694523352896,2016-04-25
INDVOTER101490,Max Sinha,72,Male,9987366100,maxsinha678236@yahoo.com,"H.No. 266, Keer Road, Tiruvottiyur-407570",Maharashtra,157446,115402537734,2023-10-17
INDVOTER101357,Aryan Gandhi,73,Male,9595391957,aryangandhi679250@outlook.com,"H.No. 92, Naik Path, Nadiad 021474",Himachal Pradesh,654565,194769013194,2020-01-26
INDVOTER101297,Abeer Kanda,27,Other,9562273107,abeerkanda680533@gmail.com,"71, Basak Path, Tinsukia 005989",Maharashtra,163264,973951534329,2018-06-22
INDVOTER100824,Gunbir Balay,47,Female,9392542363,gunbirbalay681166@yahoo.com,"H.No. 382, Chakraborty Marg, Dehradun-304755",Tripura,328547,631988465130,2023-09-29
INDVOTER101340,Nitesh Sane,33,Other,9173649801,niteshsane682264@yahoo.com,"421, Das Circle, Hajipur-022789",Goa,575886,675785983180,2017-09-26
INDVOTER101127,Suhani Salvi,86,Other,9021085341,suhanisalvi68364@yahoo.com,"H.No. 55, Ranganathan Zila, Giridih-073962",Himachal Pradesh,180754,907102404581,2015-04-13
INDVOTER101535,Nachiket Om,37,Male,9900027736,nachiketom684855@gmail.com,"27/24, Savant Street, Thanjavur-009963",Arunachal Pradesh,816477,461029878633,2016-04-11
INDVOTER100874,Caleb Wable,54,Female,9604962292,calebwable685182@gmail.com,"22, Sanghvi Ganj, Ranchi 614183",Andhra Pradesh,136050,338969826510,2020-10-21
INDVOTER101300,Omaja Anne,44,Male,9177323298,omajaanne686950@gmail.com,"H.No. 47, Devan Ganj, Bangalore-803804",Himachal Pradesh,286679,267372208770,2019-08-24
INDVOTER101610,Nachiket Krishnamurthy,56,Female,9156160226,nachiketkrishnamurthy687154@gmail.com,"56, Verma Ganj, Nadiad-942629",Karnataka,733707,755423360184,2016-06-28
INDVOTER101526,Bhanumati Sarkar,19,Female,9929195398,bhanumatisarkar688803@gmail.com,"H.No. 32, Salvi Road, Madanapalle 991899",Manipur,633696,199662061176,2021-12-27
INDVOTER101640,Watika Boase,53,Male,9501803880,watikaboase689603@outlook.com,"327, Majumdar Circle, Surendranagar Dudhrej-073865",Goa,737628,798321062697,2022-04-27
INDVOTER101038,Lipika Patil,53,Female,9570502198,lipikapatil690880@yahoo.com,"H.No. 384, Srinivas Ganj, Raipur-501336",Arunachal Pradesh,611994,278704609111,2019-04-28
INDVOTER100897,Damini Mani,57,Female,9288543478,daminimani691865@gmail.com,"H.No. 424, Radhakrishnan Zila, Bulandshahr 208926",Nagaland,800094,429172926063,2017-05-28
INDVOTER100817,Charita Goyal,50,Female,9548825953,charitagoyal692440@gmail.com,"H.No. 18, Sundaram Circle, Vasai-Virar 453020",Assam,790692,694703282972,2023-09-07
INDVOTER101613,Geetika Bhargava,86,Male,9612708358,geetikabhargava693830@outlook.com,"91/93, Mani Marg, Kozhikode-098248",Tripura,514566,562563789195,2015-05-15
INDVOTER101365,Ayushman Barad,81,Female,9096984062,ayushmanbarad694961@outlook.com,"H.No. 818, Divan Zila, Miryalaguda 844917",Tamil Nadu,409647,092172548693,2020-04-27
INDVOTER101099,Zarna Puri,74,Female,9172900163,zarnapuri695901@outlook.com,"49, Nadkarni Road, Mango 485305",Sikkim,522823,312788944930,2016-11-02
INDVOTER101220,Owen Sibal,75,Female,9848441248,owensibal696930@outlook.com,"995, Bedi Road, Bharatpur-330902",Sikkim,604508,470855996558,2018-01-04
INDVOTER101230,Hamsini Prashad,82,Other,9266688346,hamsiniprashad697301@outlook.com,"10/921, Lala, Jalandhar 766116",Himachal Pradesh,001594,185362348785,2022-05-14
INDVOTER101574,Zansi Datta,73,Male,9578148885,zansidatta698535@yahoo.com,"668, More Circle, Raiganj 148751",Tamil Nadu,108225,947439831970,2018-02-23
INDVOTER101681,Amrita Som,64,Female,9285257656,amritasom699881@outlook.com,"369, Pai Ganj, Bareilly 128805",Arunachal Pradesh,470505,549473331873,2016-08-18
INDVOTER101359,Gaurika Garde,83,Female,9205319623,gaurikagarde700111@gmail.com,"H.No. 17, Chaudhuri Street, Tadipatri 833487",Mizoram,197178,719859033019,2017-01-07
INDVOTER101289,George Dasgupta,44,Male,9109328504,georgedasgupta701398@yahoo.com,"H.No. 443, Bir Marg, Kolhapur-759585",Telangana,521419,974448111920,2018-05-14
INDVOTER100847,Ishanvi Chokshi,64,Male,9910196425,ishanvichokshi702982@outlook.com,"74/387, Gala Road, Kanpur 427148",Goa,465568,454818638399,2019-06-26
INDVOTER101514,Barkha Ramanathan,63,Other,9754875703,barkharamanathan7031@outlook.com,"95/483, Lanka Chowk, Nizamabad-616343",Goa,577432,221617017049,2023-09-21
INDVOTER100747,Ekaja Mistry,47,Male,9515001121,ekajamistry704855@gmail.com,"408, Wali Marg, Fatehpur 307982",Uttarakhand,434883,899372176080,2019-08-09
INDVOTER101703,Hemangini Om,33,Other,9534667644,hemanginiom705294@yahoo.com,"H.No. 21, Nigam Path, Phagwara 559660",Odisha,174617,402293941612,2016-04-09
INDVOTER101342,Udyati Srinivas,60,Other,9383530237,udyatisrinivas706138@gmail.com,"02/63, Lata Road, Ludhiana-545875",Haryana,686616,602687594244,2017-04-03
INDVOTER101702,Gautam Bose,32,Other,9120070137,gautambose707642@gmail.com,"75, Balakrishnan Road, Jamshedpur 495568",Telangana,445755,136022859028,2015-10-31
INDVOTER101313,Fariq Verma,53,Female,9542596639,fariqverma708733@yahoo.com,"H.No. 983, Sanghvi Marg, Bahraich-492003",Rajasthan,861883,639131139071,2017-11-09
INDVOTER101212,Charles Shroff,75,Other,9742537314,charlesshroff709543@yahoo.com,"923, Sani Street, Jamnagar 094386",Karnataka,185220,542175846210,2018-07-15
INDVOTER101602,Ira Brar,53,Female,9079714020,irabrar710687@gmail.com,"18/06, Ratti Road, Nagpur 778469",Tripura,432897,113523068319,2019-08-20
INDVOTER101294,Rudra Pillay,45,Other,9553969764,rudrapillay711242@yahoo.com,"68/13, Palla Ganj, Naihati-996945",Chhattisgarh,731514,851094225019,2016-12-11
INDVOTER101285,Vasana Tiwari,34,Other,9815178225,vasanatiwari712769@gmail.com,"63/03, Sawhney, Raebareli-691892",Chhattisgarh,611069,120585043577,2016-09-05
INDVOTER101667,Ranveer Nanda,49,Male,9927205044,ranveernanda713289@gmail.com,"10/77, Bhatnagar Road, Suryapet 350808",Assam,177329,369417583031,2022-09-10
INDVOTER101226,Kavya Ratta,57,Other,9951709775,kavyaratta714932@outlook.com,"50/54, Bahri Path, Tenali-800564",Bihar,923837,918465499986,2022-08-15
INDVOTER101663,Girish Kapoor,80,Female,9036730879,girishkapoor715810@gmail.com,"18/958, Joshi Street, Avadi-694958",Uttarakhand,951907,397949623212,2021-04-28
INDVOTER101451,Amara Upadhyay,52,Male,9173961879,amaraupadhyay716722@outlook.com,"16, Subramanian Nagar, Vijayanagaram 023091",Andhra Pradesh,573914,946421160295,2022-03-26
INDVOTER101322,Nathan Buch,81,Male,9559826163,nathanbuch717951@yahoo.com,"57, Devi Nagar, Kolhapur-644795",Haryana,303250,593877980462,2020-09-06
INDVOTER101563,Frado Sundaram,52,Male,9998000013,fradosundaram718420@yahoo.com,"273, Swamy Chowk, Alappuzha-420455",Telangana,120110,557721794366,2022-06-21
INDVOTER101049,Chameli Arora,58,Male,9987478412,chameliarora719558@yahoo.com,"63/64, Mukhopadhyay, Coimbatore-736932",Jharkhand,407451,133744605945,2021-11-17
INDVOTER101678,Qadim Bhattacharyya,33,Male,9860161436,qadimbhattacharyya720595@outlook.com,"36/91, Chauhan, Khora -875402",Punjab,067617,388089722941,2021-12-15
INDVOTER100960,Mitesh Chaudhary,67,Female,9698587593,miteshchaudhary721575@gmail.com,"85, Sundaram Circle, Malda 969049",Odisha,379048,887837113201,2021-03-26
INDVOTER100961,Yashica Prabhakar,61,Female,9627894352,yashicaprabhakar722830@outlook.com,"H.No. 501, Sangha Street, Uluberia-056300",Himachal Pradesh,768433,781093803286,2015-01-05
INDVOTER101458,Varsha Dhawan,22,Male,9166267875,varshadhawan723547@outlook.com,"45/54, Grover Chowk, Siliguri-335812",Karnataka,406515,984675622946,2016-11-30
INDVOTER101694,Oscar Sastry,45,Male,9522581123,oscarsastry724393@outlook.com,"H.No. 11, Purohit Chowk, Vadodara 025386",Manipur,787576,305758478593,2020-03-08
INDVOTER101435,Jonathan Kata,26,Male,9801411614,jonathankata725476@outlook.com,"513, Jani Zila, Hajipur-701390",Chhattisgarh,135490,137836559625,2016-05-18
INDVOTER100803,Brijesh Sastry,86,Other,9592124130,brijeshsastry726799@outlook.com,"84/577, Memon Street, Bangalore-506823",Sikkim,648879,881382377143,2018-09-21
INDVOTER101118,Umang Batta,19,Other,9450720611,umangbatta727806@gmail.com,"H.No. 94, Shukla Ganj, Raipur 703958",West Bengal,571113,668906860429,2022-07-26
INDVOTER101057,Nihal Prashad,71,Female,9478033051,nihalprashad72823@outlook.com,"154, Chana Road, Rajahmundry 962253",Rajasthan,125672,027570008562,2023-01-20
INDVOTER101292,Wishi Ghosh,62,Male,9338065374,wishighosh729630@gmail.com,"H.No. 663, Batta Ganj, Bharatpur-849245",Chhattisgarh,048531,212453523440,2016-03-04
INDVOTER101707,Reyansh Majumdar,66,Male,9146940405,reyanshmajumdar730894@yahoo.com,"H.No. 054, Venkataraman Circle, Bidar-147035",Madhya Pradesh,940213,887618564634,2018-11-30
INDVOTER100761,Vasatika Mangat,29,Other,9079148575,vasatikamangat731966@yahoo.com,"847, Banik Circle, Hosur-554937",Nagaland,727904,551346851638,2015-07-31
INDVOTER101110,Yashodhara Ben,27,Female,9838196381,yashodharaben732199@gmail.com,"660, Chanda Street, Asansol 227405",Kerala,103057,056186604903,2017-08-21
INDVOTER101029,Umang Deshmukh,31,Female,9634520612,umangdeshmukh733596@outlook.com,"252, Ganguly Street, Buxar-374514",Gujarat,460309,128147185166,2015-11-16
INDVOTER100808,Diya Apte,29,Other,9956486588,diyaapte734397@outlook.com,"16/862, Char Circle, Noida 237851",Tamil Nadu,478011,340417570984,2020-05-10
INDVOTER101119,Jackson Vig,82,Female,9781615090,jacksonvig735592@gmail.com,"50/54, Kapadia Chowk, Panchkula-048192",Goa,816916,004329524179,2017-12-18
INDVOTER101716,Urmi Borde,79,Male,9851407036,urmiborde736202@outlook.com,"414, Kala Circle, Raichur 730513",Assam,138604,070266001404,2016-02-29
INDVOTER101321,Dalbir Agate,41,Female,9003253712,dalbiragate737850@yahoo.com,"78, Mander Chowk, Khammam 923987",Kerala,128536,504579624340,2015-09-18
INDVOTER101657,Meera Chatterjee,58,Male,9730465913,meerachatterjee738600@yahoo.com,"H.No. 655, Wagle Ganj, Kavali-446860",Odisha,725642,982159451474,2017-01-31
INDVOTER101493,Samarth Lala,53,Male,9206089889,samarthlala739506@outlook.com,"29/31, Seth Chowk, Srinagar-587954",Sikkim,119105,222135146229,2015-11-16
INDVOTER101705,Januja Agrawal,67,Female,9791852315,janujaagrawal74032@outlook.com,"85, Jani Path, Danapur-422252",Meghalaya,438124,524159184564,2020-03-22
INDVOTER101176,Chakrika Mann,82,Female,9346308169,chakrikamann741847@outlook.com,"94/53, Kant, Nellore 955035",Manipur,031364,000036614175,2020-05-23
INDVOTER101561,Oeshi Misra,21,Male,9216113252,oeshimisra74246@gmail.com,"780, Ratta Zila, Erode 519540",Mizoram,996441,586044418446,2019-04-15
INDVOTER101333,Krishna Munshi,65,Male,9546241453,krishnamunshi743258@yahoo.com,"35, Mahajan Zila, Katni 990461",Uttar Pradesh,367351,033044865209,2020-04-19
INDVOTER101476,Aarini Dass,32,Male,9439836855,aarinidass744831@yahoo.com,"H.No. 960, Date Ganj, Madurai 580732",Haryana,564147,574933412726,2020-05-11
INDVOTER101075,Faqid Venkatesh,33,Other,9393659378,faqidvenkatesh745254@yahoo.com,"82, Bora Chowk, Bihar Sharif-593234",Andhra Pradesh,189303,319409687583,2023-10-21
INDVOTER101719,Qushi Sengupta,60,Other,9848449180,qushisengupta746197@yahoo.com,"71, Raman Nagar, Varanasi-912758",Himachal Pradesh,755260,356196215553,2016-07-29
INDVOTER101003,Kashvi Mammen,77,Other,9717962141,kashvimammen747248@gmail.com,"H.No. 850, Desai Path, Ambattur-460652",Goa,968623,120266949603,2022-06-15
INDVOTER101441,Devansh Zachariah,44,Female,9961592973,devanshzachariah748748@gmail.com,"25, Dani Marg, Thrissur 935715",West Bengal,500875,212979669924,2018-11-14
INDVOTER100834,Tarak Hans,90,Male,9395499719,tarakhans749477@gmail.com,"76/44, Johal Path, Begusarai 357587",Himachal Pradesh,781533,318239338862,2023-03-17
INDVOTER100946,Orinder Keer,38,Male,9821134686,orinderkeer750795@outlook.com,"89, Borah Circle, Hosur 604898",Haryana,220094,168969952606,2017-11-20
INDVOTER101318,Karan Golla,52,Female,9778655202,karangolla751190@gmail.com,"48/43, Batra Marg, Dhanbad-815462",Mizoram,125315,131797024706,2022-03-08
INDVOTER101137,Abhimanyu Thaman,23,Male,9586900133,abhimanyuthaman752630@gmail.com,"89/33, Murthy Chowk, Ozhukarai 104140",Rajasthan,922102,187575881986,2019-01-08
INDVOTER101543,Charles Ramanathan,49,Female,9451465223,charlesramanathan753327@outlook.com,"H.No. 03, Raju Path, Gangtok 120218",Karnataka,501312,714806911183,2015-08-04
INDVOTER101431,Tanay Mutti,54,Female,9372876209,tanaymutti754796@yahoo.com,"H.No. 262, Natt Zila, Guna 098282",Maharashtra,728003,830427982323,2016-04-24
INDVOTER101662,Gunbir Uppal,18,Female,9230807579,gunbiruppal755485@yahoo.com,"65/909, Nazareth Marg, Mau 268181",Andhra Pradesh,150203,321676397789,2018-11-23
INDVOTER101576,Jack Lal,42,Female,9135844818,jacklal756136@outlook.com,"67/960, Bhalla Marg, Madanapalle 434338",Assam,309384,025632258089,2018-05-25
INDVOTER101691,Mohini Sethi,75,Other,9910398213,mohinisethi757147@gmail.com,"H.No. 681, Bajaj Path, Kolkata-817243",Karnataka,046658,167104813322,2018-01-07
INDVOTER101083,Chaaya Luthra,81,Female,9952569385,chaayaluthra758622@yahoo.com,"H.No. 29, Deol, Dibrugarh 229543",Uttarakhand,467880,239874234685,2023-05-22
INDVOTER101398,Adya Sem,80,Female,9582194479,adyasem759903@outlook.com,"H.No. 57, Sethi, Surat-609116",Andhra Pradesh,222369,575397220296,2015-10-19
INDVOTER101304,Yoshita Keer,70,Male,9608235609,yoshitakeer760336@outlook.com,"68/99, Rai Circle, Sambhal 032193",Haryana,224077,695215463398,2020-07-05
INDVOTER100924,Indira Ahluwalia,54,Other,9062269781,indiraahluwalia761929@gmail.com,"598, Balay Zila, Bihar Sharif 352699",Manipur,874649,662359958832,2017-01-13
INDVOTER101111,Zinal Shetty,76,Female,9172908712,zinalshetty762861@outlook.com,"69, Sami Ganj, Munger 583299",Bihar,641304,624798507470,2023-02-17
INDVOTER101612,Max Nadig,74,Female,9868376325,maxnadig763301@outlook.com,"08/594, Pau Street, Motihari-441117",Goa,310146,764091380500,2022-12-08
INDVOTER101155,Wahab Maharaj,25,Female,9985967445,wahabmaharaj764741@yahoo.com,"028, Puri Street, Ahmedabad-700189",Uttar Pradesh,326746,017635240890,2022-02-10
INDVOTER101664,Luke Kurian,18,Other,9627851927,lukekurian765647@yahoo.com,"H.No. 911, Dugar Road, Nellore-283437",Telangana,689440,358813821623,2018-06-03
INDVOTER100868,Michael Mann,72,Other,9149506916,michaelmann766475@outlook.com,"H.No. 47, Rajagopalan Path, Avadi 068498",Rajasthan,701978,754957520727,2018-01-24
INDVOTER101510,Jairaj Som,77,Other,9827842791,jairajsom767377@outlook.com,"17, Sunder, Yamunanagar 382721",Mizoram,215796,044807809807,2021-09-03
INDVOTER101427,Gopal Kothari,25,Female,9259719677,gopalkothari768909@outlook.com,"49/97, Bajaj Chowk, Machilipatnam 002544",Tamil Nadu,232817,784342201826,2017-08-06
INDVOTER101684,Lucky Sama,65,Other,9213375993,luckysama769273@yahoo.com,"82/41, Mohan Road, Yamunanagar-123889",Andhra Pradesh,083460,166733966482,2020-03-01
INDVOTER101555,Urishilla Gara,49,Other,9489526472,urishillagara770492@yahoo.com,"77/986, Viswanathan Path, Panipat 292240",Mizoram,602590,336238673011,2016-07-15
INDVOTER101175,Anya Memon,71,Male,9933962059,anyamemon771564@gmail.com,"55/096, Bhardwaj Nagar, Kakinada 916125",Uttar Pradesh,976136,815332578864,2023-12-28
INDVOTER101579,Zaitra Ahluwalia,55,Male,9917832641,zaitraahluwalia772880@yahoo.com,"44, Sridhar, Akola-971635",Assam,050187,933097964355,2023-03-25
INDVOTER101037,Rudra Kaul,58,Other,9337990340,rudrakaul773131@outlook.com,"049, Solanki Zila, Ichalkaranji 404217",Rajasthan,217506,646920505429,2015-03-07
INDVOTER101729,Ekavir Kaul,73,Other,9195364559,ekavirkaul774421@yahoo.com,"31/75, Bath Ganj, Jalna 929758",Sikkim,175658,555806607435,2021-09-17
INDVOTER101002,Vyanjana Aurora,32,Female,9725469495,vyanjanaaurora775580@yahoo.com,"65/46, Raman Path, Jammu-297094",Assam,938101,577289222343,2022-11-18
INDVOTER101770,Chasmum Palla,73,Female,9591422365,chasmumpalla776455@yahoo.com,"69, Sachdeva Road, Sonipat 303855",Himachal Pradesh,270417,276774968471,2015-11-03
INDVOTER101758,Siya Behl,34,Other,9241775311,siyabehl777576@outlook.com,"448, Pandit Chowk, Raichur 889507",Gujarat,187199,446039034121,2020-10-04
INDVOTER101773,Lipika Sarin,28,Other,9910717710,lipikasarin778500@outlook.com,"H.No. 02, Suresh Nagar, Gudivada 646525",Mizoram,209789,538974954924,2018-12-20
INDVOTER101516,Arin Pathak,55,Male,9698840317,arinpathak77910@gmail.com,"63/091, Agarwal Circle, Mehsana 251356",Andhra Pradesh,448998,077873578170,2019-10-06
INDVOTER101178,Kevin Sehgal,42,Male,9420430620,kevinsehgal780129@outlook.com,"10, Mallick Marg, Visakhapatnam 038677",Manipur,845037,287459923515,2015-08-27
INDVOTER101673,Samesh Sehgal,44,Other,9634581888,sameshsehgal781375@outlook.com,"H.No. 14, Cheema Chowk, Nagaon 249544",Gujarat,434094,213226150543,2022-06-04
INDVOTER100963,Shravya Wable,25,Female,9447069858,shravyawable782968@yahoo.com,"24/058, Gade Chowk, Morena 224989",Uttar Pradesh,615647,111407578558,2019-02-23
INDVOTER101252,Oliver Nagar,36,Male,9966998720,olivernagar783961@yahoo.com,"37/630, Chauhan Zila, Delhi-037311",Odisha,484636,810848834269,2017-10-05
INDVOTER100901,Lohit Chaudhari,81,Female,9666534880,lohitchaudhari784327@yahoo.com,"H.No. 354, Ahluwalia Path, South Dumdum-167909",Andhra Pradesh,192865,546053165551,2021-06-04
INDVOTER101033,Isaac Dani,29,Other,9268654707,isaacdani785690@gmail.com,"52/119, Sangha Zila, Buxar 984409",Karnataka,677309,860985473956,2019-12-06
INDVOTER101636,Rachita Agrawal,20,Other,9891397716,rachitaagrawal786422@outlook.com,"42/654, Dayal Path, Nizamabad-558692",Karnataka,445627,178527971793,2018-04-08
INDVOTER101722,Tanveer Setty,64,Female,9542849290,tanveersetty787992@outlook.com,"43, Bhatti Street, Bihar Sharif 660763",Manipur,885617,942140524574,2020-08-09
INDVOTER101407,Rachita Sandhu,21,Female,9744067407,rachitasandhu788670@gmail.com,"58, Sidhu, Latur-651064",Arunachal Pradesh,970385,725544599468,2021-09-16
INDVOTER100973,Shivansh Dani,48,Other,9073799594,shivanshdani789217@gmail.com,"94/510, Sridhar Path, Anand-575547",Chhattisgarh,617735,474412772481,2015-01-09
INDVOTER101755,Hredhaan Devan,60,Other,9119820412,hredhaandevan790172@gmail.com,"H.No. 694, Bir Marg, Srikakulam-006166",Andhra Pradesh,500393,532929472557,2017-06-19
INDVOTER100964,Ladli Mukherjee,32,Male,9599918775,ladlimukherjee791423@gmail.com,"68/941, Thaman Nagar, Panihati 344916",Kerala,996431,540929313267,2015-11-29
INDVOTER101687,Ikbal Garg,72,Other,9678191632,ikbalgarg792842@outlook.com,"H.No. 61, Shanker Circle, Kalyan-Dombivli-454106",Arunachal Pradesh,909199,991224676754,2015-08-08
INDVOTER101742,Brijesh Raval,45,Female,9358139538,brijeshraval793341@yahoo.com,"68, Narain Marg, Tiruchirappalli 599510",Bihar,292830,302396832419,2023-07-19
INDVOTER101751,Chakradhar Bajwa,45,Female,9167575946,chakradharbajwa794446@yahoo.com,"07/663, Mammen Road, Bidhannagar 842710",Uttar Pradesh,550999,516969629314,2015-02-01
INDVOTER101413,Dalbir Narain,51,Other,9362408936,dalbirnarain795219@outlook.com,"40/31, Bora Road, Jalandhar 691563",Assam,720443,017228573884,2017-01-01
INDVOTER101160,Finn Parikh,48,Female,9942032491,finnparikh796488@yahoo.com,"41, Lall Zila, Tiruchirappalli-956266",Chhattisgarh,224384,585618864313,2016-11-20
INDVOTER101386,Anay Sami,88,Female,9679463045,anaysami797315@outlook.com,"H.No. 645, Balasubramanian Chowk, Sasaram 266452",Madhya Pradesh,181452,588870120170,2018-04-11
INDVOTER101565,Tara Bhargava,74,Other,9792385031,tarabhargava798575@gmail.com,"39/230, Oza Circle, Akola 543835",Jharkhand,943711,102997748412,2015-03-19
INDVOTER101560,Abhiram Basu,82,Other,9748672182,abhirambasu79994@yahoo.com,"28/49, Tak Circle, Tenali-900325",Nagaland,389372,141181191426,2022-07-20
INDVOTER101701,Upadhriti Sabharwal,39,Male,9738518288,upadhritisabharwal800370@yahoo.com,"317, Dhar Ganj, Bally-752115",Punjab,963725,545497245038,2022-01-14
INDVOTER101578,Matthew Kade,85,Male,9332130895,matthewkade801346@gmail.com,"62/01, Pai Road, Bhimavaram-450548",Arunachal Pradesh,617291,075855250169,2023-06-09
INDVOTER100825,Wriddhish Khurana,44,Male,9108076107,wriddhishkhurana802126@gmail.com,"H.No. 53, Bassi Marg, Machilipatnam-962853",Haryana,680866,626004768264,2020-06-13
INDVOTER101025,Ishani Golla,31,Female,9525190112,ishanigolla803957@yahoo.com,"31/488, Chad, Uluberia-103347",Madhya Pradesh,988348,571973280257,2015-09-28
INDVOTER101580,Sanya Mahal,45,Female,9764076033,sanyamahal804368@yahoo.com,"99/34, Bhandari Ganj, Udupi-009213",Nagaland,083316,713076586431,2016-12-04
INDVOTER100829,Watika Badal,60,Female,9982518053,watikabadal805797@yahoo.com,"98, Prabhu Street, Akola-460005",Goa,836619,131506477958,2020-04-27
INDVOTER101583,Aishani Bhatia,55,Male,9466686111,aishanibhatia806207@yahoo.com,"50/676, Salvi Ganj, Jabalpur-242773",Maharashtra,333607,582103606733,2020-03-21
INDVOTER101520,Ekaraj Chakrabarti,72,Female,9768425773,ekarajchakrabarti807508@outlook.com,"35/093, Rajagopal Circle, Panipat-283715",Punjab,056063,371897317059,2018-02-20
INDVOTER101596,Anamika Banik,43,Other,9361505973,anamikabanik808291@outlook.com,"H.No. 576, Dutta Nagar, Gopalpur 964531",Kerala,649562,683107321136,2021-05-30
INDVOTER101590,Kiaan Jaggi,45,Other,9676631864,kiaanjaggi809776@outlook.com,"91/09, Kohli Ganj, Gangtok-601798",Arunachal Pradesh,365351,299054788504,2021-07-02
INDVOTER101470,Yashvi Badal,49,Male,9062089000,yashvibadal810436@outlook.com,"68/669, Wagle Street, Khammam-042990",Himachal Pradesh,507655,993979713537,2022-10-21
INDVOTER101585,Omya Dave,67,Other,9247524369,omyadave811458@gmail.com,"H.No. 942, Behl Zila, Dharmavaram 611807",Goa,880371,569763498263,2022-11-15
INDVOTER101616,Agastya Chana,25,Other,9689346902,agastyachana812214@gmail.com,"97, Palla Zila, Amravati-752861",Assam,864431,827171778819,2017-04-06
INDVOTER101091,Mitali Dhingra,42,Other,9622387858,mitalidhingra813471@yahoo.com,"H.No. 562, Kakar Circle, Nashik 926073",Haryana,945496,128480997198,2018-11-06
INDVOTER101260,Harshil Ratta,83,Other,9398589428,harshilratta814145@gmail.com,"H.No. 735, Kala Ganj, Darbhanga 104239",Rajasthan,082626,588665886390,2021-06-06
INDVOTER101296,Logan Narayan,75,Other,9458252160,logannarayan815726@outlook.com,"43, Atwal Nagar, Satara 857896",Bihar,441889,799107682749,2023-02-25
INDVOTER101649,Bimala Sagar,73,Male,9183823049,bimalasagar816759@gmail.com,"H.No. 58, Sarin Marg, Phusro 966260",Mizoram,133569,057290368222,2022-07-13
INDVOTER101207,Ishani Chada,55,Other,9842387583,ishanichada817852@gmail.com,"676, Thakur Circle, Loni-662832",Arunachal Pradesh,887217,500560440506,2022-04-24
INDVOTER100860,Chasmum Narang,38,Other,9002553297,chasmumnarang818845@gmail.com,"71/560, Khosla Zila, Kharagpur-044499",Mizoram,718243,923795010347,2023-05-23
INDVOTER101062,Zayan Morar,61,Female,9877488500,zayanmorar819750@outlook.com,"29, Parikh Chowk, Pudukkottai-529328",Telangana,638646,820413586757,2020-08-20
INDVOTER100822,Anay Dash,48,Other,9476725136,anaydash820902@gmail.com,"H.No. 631, Subramaniam Path, Raebareli 571035",Telangana,736446,133058799182,2016-12-06
INDVOTER101686,Kavya Sarna,27,Male,9076324268,kavyasarna821235@yahoo.com,"H.No. 142, Babu Street, Asansol-953616",Madhya Pradesh,243681,145943239012,2017-12-20
INDVOTER101788,Indrajit Agate,70,Male,9370687333,indrajitagate822182@outlook.com,"96/10, Kunda Circle, Kottayam 820552",Tamil Nadu,770169,237041811156,2021-09-13
INDVOTER101467,Abdul Shenoy,87,Female,9517663898,abdulshenoy823685@yahoo.com,"32, Guha Ganj, Jamnagar-549394",Arunachal Pradesh,086121,098823897383,2018-01-22
INDVOTER101453,Balendra Jain,71,Female,9131971363,balendrajain824364@gmail.com,"18, Vyas Chowk, Pimpri-Chinchwad 054256",Uttar Pradesh,787111,868974771345,2020-08-11
INDVOTER101295,Zayyan Sant,69,Male,9067255724,zayyansant825895@outlook.com,"72/267, Padmanabhan Ganj, Siwan-358319",Jharkhand,244071,447632031085,2015-06-09
INDVOTER101483,Robert Khare,54,Female,9457553377,robertkhare826453@outlook.com,"91, Halder Nagar, Mathura 052168",Tamil Nadu,918300,714219948283,2017-10-30
INDVOTER101620,Megha Yogi,82,Female,9399809105,meghayogi82734@outlook.com,"51, Das Chowk, Narasaraopet-638681",Jharkhand,251377,436330523484,2015-02-17
INDVOTER101639,Janya Shroff,23,Other,9351626554,janyashroff82814@outlook.com,"78/084, Gupta Nagar, North Dumdum-983126",Sikkim,729622,960454551599,2023-08-20
INDVOTER101364,Hemang Chahal,37,Male,9934996269,hemangchahal829479@gmail.com,"H.No. 243, Solanki Street, Jammu-609041",Maharashtra,276412,982358582387,2020-07-18
INDVOTER101644,Harsh Hayre,72,Male,9899885231,harshhayre830654@gmail.com,"83/736, Anne Marg, Raiganj 443978",Manipur,632573,329716148878,2018-10-11
INDVOTER101320,Avni Nair,80,Female,9266660593,avninair831220@yahoo.com,"H.No. 85, Amble Marg, Arrah-948918",West Bengal,937423,272967631867,2021-01-05
INDVOTER101633,Bhavya Narayanan,76,Female,9365208585,bhavyanarayanan832395@outlook.com,"91, Mistry Street, Bhalswa Jahangir Pur 481613",Telangana,833778,202701014095,2019-08-06
INDVOTER101274,Owen Kale,71,Male,9842537707,owenkale833339@yahoo.com,"214, Shah Path, Bokaro 250995",Andhra Pradesh,227287,586194483590,2022-11-23
INDVOTER101696,Bhanumati Nadkarni,31,Female,9695930138,bhanumatinadkarni834223@outlook.com,"95/457, Saha Road, Aurangabad 127222",Gujarat,180850,671744699695,2022-07-04
INDVOTER101402,Sara Boase,89,Male,9490922278,saraboase835153@yahoo.com,"638, Tiwari Street, Mirzapur-871407",Odisha,634638,762928482496,2021-08-10
INDVOTER101394,Krishna Trivedi,74,Male,9204687379,krishnatrivedi836644@gmail.com,"H.No. 27, Sarkar Road, Junagadh 678414",Meghalaya,795162,280704101793,2016-04-12
INDVOTER101538,Mitali Rana,87,Male,9989417429,mitalirana837907@yahoo.com,"H.No. 72, Joshi Circle, Orai-309091",Kerala,100281,981161787258,2017-05-03
INDVOTER101658,Chaitaly Kapoor,39,Female,9076628218,chaitalykapoor838236@gmail.com,"43/938, Kannan Path, Vijayawada 535564",Andhra Pradesh,801633,981831347733,2016-02-29
INDVOTER101249,Warda Krishna,70,Female,9234669494,wardakrishna839210@gmail.com,"642, Sachdeva Circle, Nashik-550047",Mizoram,262404,841907193015,2018-03-03
INDVOTER101741,Vritti Sastry,81,Male,9955142971,vrittisastry840405@outlook.com,"H.No. 889, Panchal, Chandigarh 368821",Kerala,072412,657313285484,2019-03-23
INDVOTER100996,Ati Mahajan,56,Other,9227600569,atimahajan841965@outlook.com,"H.No. 106, Minhas Chowk, Silchar-275450",Bihar,175725,767241039494,2023-02-16
INDVOTER101215,Dipta Bandi,28,Other,9192330730,diptabandi842249@gmail.com,"H.No. 80, Swaminathan Marg, Begusarai-994826",Uttar Pradesh,126711,137608948801,2019-09-20
INDVOTER101468,Alka Dugar,89,Female,9832974183,alkadugar843299@outlook.com,"979, Comar Zila, Rajahmundry-482807",Rajasthan,495551,999573321748,2023-04-15
INDVOTER101748,Chavvi Sharaf,65,Male,9198186556,chavvisharaf84438@outlook.com,"617, Pandey Street, Guntur 322793",Assam,012925,286475477828,2019-05-12
INDVOTER101814,Eiravati Goswami,36,Female,9367232757,eiravatigoswami845926@outlook.com,"75, Chokshi, Gandhidham-858921",Karnataka,627764,205408645556,2023-06-15
INDVOTER101603,Yuvraj Dave,36,Male,9286181013,yuvrajdave846913@outlook.com,"18, Lal Path, Surendranagar Dudhrej-565084",Bihar,062613,875374318965,2023-09-15
INDVOTER101833,Lila Gera,66,Other,9143283697,lilagera847570@yahoo.com,"H.No. 837, Dugar, Tiruppur-784059",Odisha,971454,237880773805,2018-01-11
INDVOTER101073,Yashodhara Deshpande,38,Female,9475744099,yashodharadeshpande848245@outlook.com,"H.No. 71, Tandon Street, Surat-223885",Chhattisgarh,374619,679673878589,2019-07-03
INDVOTER101482,Logan Mani,41,Other,9659871286,loganmani84976@outlook.com,"055, Pant Chowk, Tumkur 786933",Kerala,459397,295902733326,2023-10-02
INDVOTER101651,Jyoti Singhal,55,Female,9917934895,jyotisinghal85031@outlook.com,"78/483, Manne, Raiganj 556741",Chhattisgarh,482559,171325499528,2020-12-30
INDVOTER101240,Fiyaz Walia,35,Male,9210669628,fiyazwalia851492@outlook.com,"25, Ravi Chowk, Maheshtala 037028",Bihar,546452,123204508115,2017-10-14
INDVOTER101724,Arunima Choudhry,89,Male,9570557722,arunimachoudhry852359@gmail.com,"67/96, Dutt Zila, Naihati 237849",Nagaland,862536,868561979178,2016-11-09
INDVOTER101589,Abeer Dara,23,Female,9002554405,abeerdara853468@outlook.com,"82/160, Naik Nagar, Varanasi-527095",Uttar Pradesh,109758,635902205343,2023-01-04
INDVOTER101188,Osha Radhakrishnan,25,Female,9347439450,osharadhakrishnan854761@gmail.com,"622, Shetty Path, Raebareli-484997",Goa,573606,196263178037,2019-12-15
INDVOTER101136,Chaitanya Wali,19,Other,9086451821,chaitanyawali855627@outlook.com,"H.No. 876, Kumar Nagar, Avadi 129923",Arunachal Pradesh,346847,396838644883,2015-07-28
INDVOTER101838,Advik Dhawan,70,Female,9589781004,advikdhawan856410@outlook.com,"H.No. 903, Patil Road, Hyderabad-970420",Uttar Pradesh,508786,706962457032,2017-04-15
INDVOTER101830,Ishanvi Dugal,81,Male,9776385280,ishanvidugal857979@yahoo.com,"H.No. 769, Khatri Path, Nagpur 980113",Rajasthan,288705,261415141883,2020-02-28
INDVOTER101750,Liam Mallick,62,Male,9019050262,liammallick858276@gmail.com,"14/40, Sen Path, Hazaribagh-920354",Tripura,455080,366099662117,2018-01-27
INDVOTER101264,Krishna Sundaram,46,Other,9506962964,krishnasundaram85952@outlook.com,"972, Prashad Zila, Gorakhpur 897039",West Bengal,559144,193176284218,2016-03-02
INDVOTER100931,Jeet Dada,74,Female,9918990708,jeetdada860352@gmail.com,"047, Aggarwal Marg, Bathinda-640151",Odisha,861081,958356722498,2020-11-18
INDVOTER101782,Peter Ahluwalia,59,Other,9536877274,peterahluwalia86112@gmail.com,"75/885, Pandya, Jaipur-289006",Kerala,285624,727563405332,2022-03-18
INDVOTER101738,Nilima Pant,82,Other,9656113386,nilimapant862414@yahoo.com,"02/279, Tak Path, Tenali 338820",Goa,870360,882549113227,2015-08-06
INDVOTER101473,Laban Sehgal,41,Male,9363729775,labansehgal863237@outlook.com,"H.No. 107, Agate Road, Rewa 554345",Meghalaya,983717,978092212976,2018-05-29
INDVOTER101009,Vivaan Madan,76,Other,9753145366,vivaanmadan864429@outlook.com,"43/50, Patel Circle, Parbhani 861723",Kerala,485924,289992470211,2015-05-23
INDVOTER101244,Qasim Rao,49,Other,9710135786,qasimrao865279@yahoo.com,"046, Andra Nagar, Aligarh-599281",Himachal Pradesh,221759,223934159489,2021-02-09
INDVOTER101266,Amruta Tak,79,Male,9569015952,amrutatak866854@gmail.com,"69/06, Sule Circle, Nagpur 391053",Maharashtra,834834,119062241832,2018-01-31
INDVOTER101859,Unni Kale,77,Male,9747847137,unnikale867371@gmail.com,"77/14, Rege Ganj, Srikakulam 072223",Uttar Pradesh,599612,810626918330,2019-03-22
INDVOTER101670,Rajata Sharaf,47,Female,9657589647,rajatasharaf868291@outlook.com,"H.No. 02, Gandhi Marg, Ulhasnagar-845570",Kerala,947047,103624469204,2015-05-14
INDVOTER101666,Tanvi Pandit,19,Male,9281801811,tanvipandit869865@yahoo.com,"68/363, Gopal Circle, Avadi-428135",Maharashtra,933572,699512067957,2022-04-16
INDVOTER101763,Jason Sheth,59,Female,9319760271,jasonsheth870198@yahoo.com,"272, Naidu Street, Thiruvananthapuram-392873",Sikkim,796750,538355081306,2017-12-03
INDVOTER101798,Shivani Walla,43,Male,9589812576,shivaniwalla871487@outlook.com,"884, Solanki Road, Bhavnagar 719274",Rajasthan,674456,135876491581,2017-04-30
INDVOTER101567,Keya Ben,46,Male,9211146096,keyaben872786@yahoo.com,"34, Rajan Path, Ballia-006609",Punjab,149948,230566363419,2018-12-07
INDVOTER101508,Isaac Khare,55,Male,9105517906,isaackhare873508@gmail.com,"H.No. 40, Edwin Street, Moradabad-042587",Goa,276309,017175211831,2020-06-15
INDVOTER101832,Indrajit Andra,57,Other,9993291791,indrajitandra874511@gmail.com,"80/91, Agate Zila, Gorakhpur 634803",Goa,183947,476770703428,2019-12-16
INDVOTER101501,Hemang Dhawan,29,Other,9413108403,hemangdhawan875423@yahoo.com,"31, Baria Marg, Mahbubnagar 553957",Bihar,434957,324555210285,2021-12-02
INDVOTER101452,Orinder Behl,34,Other,9851012049,orinderbehl876889@outlook.com,"H.No. 88, Gade, Solapur-564355",Mizoram,565069,046572341824,2018-11-19
INDVOTER100976,Rachana Hans,42,Other,9282538638,rachanahans877230@yahoo.com,"H.No. 480, Seshadri Ganj, Bathinda-264510",Haryana,314576,561815514762,2016-11-19
INDVOTER100921,Jagdish Lalla,81,Female,9470897671,jagdishlalla878299@gmail.com,"409, Tiwari Street, South Dumdum 301755",Goa,761421,985942927269,2023-12-24
INDVOTER101312,Anmol Seshadri,34,Other,9491818572,anmolseshadri879563@outlook.com,"209, Purohit Chowk, Madurai 577405",Jharkhand,798686,149684567602,2022-11-29
INDVOTER101303,Nathaniel Nazareth,48,Female,9844856227,nathanielnazareth88018@gmail.com,"487, Sha Nagar, Bihar Sharif 184377",Himachal Pradesh,173332,695167849489,2018-08-01
INDVOTER101761,Nirja Tandon,62,Other,9826919347,nirjatandon881268@gmail.com,"H.No. 304, Balan Marg, Baranagar 468127",Odisha,063083,300014811305,2016-12-30
INDVOTER101533,Onkar Pai,47,Female,9238846782,onkarpai882823@gmail.com,"46/21, Sharaf Ganj, Kirari Suleman Nagar-192299",Sikkim,550838,674013058771,2023-01-03
INDVOTER101881,Saanvi Sagar,73,Female,9986031349,saanvisagar883464@outlook.com,"27/74, Solanki Ganj, Thoothukudi 360769",Chhattisgarh,508927,241789827370,2019-11-15
INDVOTER101373,Jasmit Reddy,29,Other,9701422446,jasmitreddy884473@gmail.com,"67, Divan Path, Begusarai-557254",Telangana,402611,915987488898,2016-06-02
INDVOTER101162,Wazir Setty,44,Other,9094647041,wazirsetty885160@yahoo.com,"H.No. 92, Raval Circle, Bhagalpur 059003",Maharashtra,715908,346289554456,2016-04-04
INDVOTER101187,Joshua Dash,61,Female,9785986916,joshuadash886648@gmail.com,"03, Wable Marg, Aizawl-005254",Odisha,482190,352043167441,2016-03-16
INDVOTER101855,Garima Kade,61,Male,9274037660,garimakade88793@outlook.com,"H.No. 61, Kala Street, Surendranagar Dudhrej 578631",Punjab,844566,364502786567,2022-11-27
INDVOTER101868,Yochana Hayre,89,Other,9244123187,yochanahayre888896@yahoo.com,"H.No. 797, Gill Chowk, Baranagar 056767",Nagaland,870490,042930133998,2022-07-09
INDVOTER101725,Joshua Mand,69,Other,9549906189,joshuamand88943@yahoo.com,"H.No. 952, Iyengar Ganj, Chinsurah 568675",Uttar Pradesh,742800,283740219816,2016-09-25
INDVOTER101088,Indali Pathak,38,Female,9760324191,indalipathak890129@yahoo.com,"45/243, Chacko Path, Dhanbad-044495",Andhra Pradesh,585500,007433888072,2018-09-20
INDVOTER101756,Nikita Yohannan,28,Female,9920929173,nikitayohannan891509@gmail.com,"H.No. 739, Kala Circle, Dhule-057709",Tripura,147065,217019526742,2017-10-10
INDVOTER101889,Falak Dar,68,Female,9878594533,falakdar892925@gmail.com,"42, Manne, Rajahmundry-646000",Haryana,219586,498108656078,2020-08-17
INDVOTER101385,Anya Gade,25,Female,9143871925,anyagade893974@gmail.com,"96, Sethi Ganj, Panipat 926913",Tripura,788464,571919453188,2016-06-11
INDVOTER101262,Suhani Khalsa,36,Other,9866478343,suhanikhalsa894547@yahoo.com,"H.No. 178, Narayanan Road, Morbi 706060",Goa,679393,594644272503,2017-02-16
INDVOTER101459,Jeevika Narain,43,Male,9708310657,jeevikanarain895476@gmail.com,"81, Ramaswamy Street, Vellore-834669",Chhattisgarh,802494,078639707671,2022-11-13
INDVOTER101464,Finn Hayre,82,Other,9955963158,finnhayre89629@outlook.com,"703, Dugar Marg, Giridih-836781",Odisha,927539,083697288417,2023-04-20
INDVOTER101799,Widisha Varghese,34,Female,9519754413,widishavarghese897103@gmail.com,"26, Kamdar, Farrukhabad 008015",Arunachal Pradesh,618946,037218969266,2019-04-21
INDVOTER101846,Harinakshi Sodhi,70,Female,9924015298,harinakshisodhi898758@yahoo.com,"H.No. 455, Mallick, Ghaziabad 170407",Assam,089929,292361266284,2017-06-19
INDVOTER101619,Zehaan Pall,34,Male,9247801434,zehaanpall899982@yahoo.com,"25/302, Ramesh, Bhind 757858",Arunachal Pradesh,307775,219374321495,2022-05-25
INDVOTER101883,Yadavi Kamdar,88,Female,9773824054,yadavikamdar900838@outlook.com,"H.No. 296, Buch Ganj, Gandhidham 102570",Goa,698732,113462926297,2019-11-07
INDVOTER101844,Hemal Vohra,87,Male,9383645222,hemalvohra901933@gmail.com,"H.No. 82, Sankaran Street, Jamnagar 865930",Gujarat,971962,849521590145,2021-12-25
INDVOTER101752,Jatin Jhaveri,20,Male,9650341185,jatinjhaveri902549@gmail.com,"24, Sen Zila, Ambarnath 188314",Jharkhand,607375,959089326182,2019-11-26
INDVOTER101251,Max Mangat,80,Male,9745536359,maxmangat903513@gmail.com,"H.No. 916, Anne Marg, Proddatur-275914",Nagaland,199431,646047165843,2023-07-15
INDVOTER101600,Osha Rau,21,Other,9776242898,osharau904872@yahoo.com,"H.No. 753, Peri Marg, Warangal-991858",Rajasthan,743015,911938778327,2017-04-05
INDVOTER100979,Krisha Parmer,54,Female,9076509992,krishaparmer905489@gmail.com,"H.No. 76, Keer Road, Guna 131189",Uttar Pradesh,192918,202943711708,2016-12-03
INDVOTER101623,Saumya Sagar,40,Male,9009014345,saumyasagar906379@yahoo.com,"889, Khosla Path, Loni-069078",Himachal Pradesh,394710,468873934923,2017-06-14
INDVOTER101648,Aadi Butala,88,Male,9556201226,aadibutala90757@gmail.com,"H.No. 911, Rajagopalan Street, Sikar-223324",Assam,491054,265292947643,2018-10-03
INDVOTER101871,Azaan Suresh,52,Male,9691221572,azaansuresh908659@yahoo.com,"61, Shenoy Circle, Arrah 148716",Rajasthan,257947,667395142172,2016-11-03
INDVOTER101517,Indira Shukla,40,Male,9503171729,indirashukla909300@yahoo.com,"H.No. 39, Sekhon Marg, Karnal-406478",Sikkim,358880,026240708219,2018-09-19
INDVOTER101250,Fiyaz Agarwal,50,Other,9270736284,fiyazagarwal910605@outlook.com,"65/88, Sami Circle, Aurangabad 547895",Assam,356081,469644622488,2016-12-25
INDVOTER101815,Kritika Doshi,42,Other,9465341058,kritikadoshi911543@outlook.com,"73, Krishnamurthy, Buxar-247788",Assam,540557,710559152879,2018-10-02
INDVOTER101440,Forum Sarin,28,Other,9047880205,forumsarin91270@outlook.com,"H.No. 690, Kashyap Marg, Jaunpur-298190",Uttar Pradesh,433165,945633928548,2016-01-24
INDVOTER101848,Umang Khosla,41,Other,9800125445,umangkhosla913345@outlook.com,"H.No. 923, Kumer Nagar, Panvel-295742",Haryana,124657,419976997855,2020-05-17
INDVOTER101387,Sanya Subramaniam,22,Male,9281686151,sanyasubramaniam914195@outlook.com,"H.No. 25, Bumb Nagar, Karaikudi-195687",Gujarat,506601,266194391144,2022-08-14
INDVOTER101876,Pahal Jhaveri,22,Male,9311868727,pahaljhaveri91563@gmail.com,"H.No. 49, Vohra Marg, Secunderabad-000931",Maharashtra,911198,813638094324,2020-05-03
INDVOTER101888,Ryan Suri,59,Other,9009479682,ryansuri916496@gmail.com,"96/65, Viswanathan Zila, Ichalkaranji 684127",Nagaland,871908,477553927917,2018-04-28
INDVOTER101877,Nitesh Bhakta,36,Male,9472218417,niteshbhakta917878@outlook.com,"83/502, Rajagopal Chowk, Tiruvottiyur 884210",Goa,726920,367057535298,2020-04-28
INDVOTER101641,Barkha Wali,53,Other,9971362006,barkhawali91884@outlook.com,"H.No. 21, Bhardwaj Circle, Kamarhati-170480",Uttarakhand,270306,256300404903,2021-02-05
INDVOTER101199,Robert Rastogi,61,Male,9951673196,robertrastogi919854@gmail.com,"177, Ahuja Path, Nagercoil 158129",Tripura,103688,219906621648,2018-10-07
INDVOTER101422,Charita Rattan,56,Female,9404939523,charitarattan920101@gmail.com,"55, Dasgupta Street, Khammam-997287",Arunachal Pradesh,369355,494163023845,2022-10-15
INDVOTER101775,Charles Bal,37,Other,9746293741,charlesbal921433@yahoo.com,"H.No. 21, Vasa Nagar, Thrissur 704245",Andhra Pradesh,055030,186165970334,2016-11-27
INDVOTER101341,Bhavani Subramanian,20,Female,9681564068,bhavanisubramanian922455@gmail.com,"68/888, Hayre, Bahraich 516979",Kerala,274787,235182586967,2023-11-15
INDVOTER101496,Aarini Sastry,81,Male,9609810426,aarinisastry923863@gmail.com,"95, Sodhi Zila, Ghaziabad-931896",Bihar,753125,820018163722,2017-01-19
INDVOTER101010,Yachana Pathak,78,Other,9578062721,yachanapathak924597@gmail.com,"28/77, Rattan Street, Kavali 341737",Jharkhand,839432,120030414298,2020-09-07
INDVOTER101909,Jason Prabhakar,24,Female,9994754694,jasonprabhakar925291@yahoo.com,"36, Chatterjee Chowk, Vijayanagaram 075196",Rajasthan,807117,177079655926,2023-04-23
INDVOTER101287,Zaitra Deshpande,85,Other,9029943595,zaitradeshpande926281@outlook.com,"H.No. 39, Palla Road, Sangli-Miraj & Kupwad 363051",Kerala,077452,638943891280,2016-05-15
INDVOTER101823,Ikbal Dhaliwal,33,Female,9668797428,ikbaldhaliwal927364@outlook.com,"68/66, Rama Marg, Dibrugarh 602356",Jharkhand,545455,822250926792,2023-12-11
INDVOTER101895,Gautam Keer,67,Female,9786072218,gautamkeer92883@yahoo.com,"814, Sami Road, Berhampur 767469",Gujarat,699496,928569792926,2020-04-15
INDVOTER101001,Zilmil Kadakia,21,Male,9646522758,zilmilkadakia929355@outlook.com,"H.No. 501, Varma, Tenali-733338",Jharkhand,649951,509862285112,2021-09-04
INDVOTER101347,Fiyaz Singhal,76,Female,9377468322,fiyazsinghal930375@gmail.com,"41/32, Lad Zila, Mau-677151",Rajasthan,749704,287629599555,2020-10-09
INDVOTER101919,Kritika Bandi,70,Other,9573561822,kritikabandi931140@yahoo.com,"H.No. 026, Boase Chowk, Jaipur-022502",Chhattisgarh,314584,307992825045,2020-08-17
INDVOTER101376,Omkaar Saxena,18,Other,9337923103,omkaarsaxena932352@outlook.com,"29, Mistry Chowk, Giridih-450693",Bihar,186407,938081529607,2021-11-01
INDVOTER101792,Nidra Oza,27,Other,9049511966,nidraoza933907@yahoo.com,"03/382, Tiwari Marg, Saharanpur 705673",Manipur,811988,340582010503,2017-02-25
INDVOTER101927,Samesh Kalla,19,Other,9069105227,sameshkalla934240@outlook.com,"24/13, Contractor Street, Bhiwandi 698669",Assam,432695,717137043333,2022-07-25
INDVOTER101185,Nathan Sane,85,Male,9352982133,nathansane935864@outlook.com,"328, Kibe Ganj, Ulhasnagar 172587",Bihar,641440,256812144546,2015-08-12
INDVOTER101509,Fariq Hayre,60,Other,9089641026,fariqhayre93663@outlook.com,"06, Kuruvilla Chowk, Bulandshahr 544448",Bihar,719926,126144509148,2021-11-23
INDVOTER100954,Hitesh Date,28,Female,9404041045,hiteshdate937751@yahoo.com,"11/199, Choudhary Circle, Tiruchirappalli-087453",Kerala,693743,654264661041,2020-06-17
INDVOTER101779,Nimrat Loke,52,Male,9360116381,nimratloke938377@yahoo.com,"H.No. 088, Patla Chowk, New Delhi-900714",Andhra Pradesh,135446,764708386915,2018-04-28
INDVOTER101527,Ronith Venkataraman,46,Female,9150523063,ronithvenkataraman939831@outlook.com,"H.No. 94, Dutt Zila, Saharanpur-615655",Himachal Pradesh,156185,012592607844,2020-07-02
INDVOTER101349,Omisha Chandra,32,Female,9597534617,omishachandra94043@yahoo.com,"H.No. 686, Mishra Road, Durgapur-514029",Madhya Pradesh,566227,246492487114,2017-06-18
INDVOTER101389,Ishaan Doshi,75,Other,9024992082,ishaandoshi941593@outlook.com,"65/03, Jha Nagar, Salem 694747",Chhattisgarh,150667,798541465673,2017-01-05
INDVOTER101523,Chandani Pau,32,Female,9823153708,chandanipau942634@outlook.com,"H.No. 69, Agarwal Nagar, Bhiwani-580993",Gujarat,345381,890958895024,2016-02-14
INDVOTER101784,Megha Dixit,88,Female,9212626934,meghadixit94358@outlook.com,"H.No. 244, Vig Zila, Alappuzha-690346",Meghalaya,782728,931282839579,2015-05-27
INDVOTER101689,Jai Vohra,49,Other,9140155770,jaivohra944229@gmail.com,"H.No. 313, Sharaf Road, Gangtok-550116",Sikkim,352620,645117612264,2017-10-19
INDVOTER101654,Libni Pandey,31,Female,9171367010,libnipandey94520@gmail.com,"H.No. 052, Chandran, Giridih-413060",Haryana,891317,647161665767,2020-08-31
INDVOTER101421,Ekantika Chaudry,51,Female,9738156227,ekantikachaudry946405@gmail.com,"71/88, Sarma Nagar, Amroha-224134",Tamil Nadu,244007,342452206821,2020-07-09
INDVOTER101531,Chandresh Sunder,84,Male,9187797964,chandreshsunder947961@yahoo.com,"811, Loke Ganj, Tinsukia-318562",Madhya Pradesh,758442,903029407766,2017-07-02
INDVOTER101575,Qabil Misra,68,Other,9960538863,qabilmisra948842@outlook.com,"15, Nair Chowk, Shimoga 699340",Bihar,614378,481098912897,2020-02-23
INDVOTER101930,Hemani Ramakrishnan,47,Male,9459942191,hemaniramakrishnan949641@outlook.com,"490, Batta Road, Kolkata-425928",Meghalaya,297859,851397994459,2019-03-07
INDVOTER101081,Reyansh Dey,39,Other,9149008112,reyanshdey950755@outlook.com,"63/62, Loyal Chowk, Bikaner 520693",Jharkhand,604352,982900530147,2021-03-04
INDVOTER101208,Imaran Date,74,Other,9554555441,imarandate951109@gmail.com,"H.No. 498, Sandal Nagar, Kirari Suleman Nagar 324773",Maharashtra,217750,219199159808,2022-11-20
INDVOTER101209,Turvi Baria,67,Male,9148187197,turvibaria952693@yahoo.com,"H.No. 88, Sachdev Circle, Bhilwara-222889",Madhya Pradesh,671543,814180410518,2023-11-17
INDVOTER101465,Januja Pall,21,Female,9112031688,janujapall953141@outlook.com,"H.No. 429, Tak Marg, Tinsukia-456574",Sikkim,037811,338026006459,2021-05-18
INDVOTER101026,Gunbir Kothari,46,Other,9098161816,gunbirkothari954112@outlook.com,"H.No. 730, Gill Road, Khora -541451",Nagaland,009007,139807401870,2018-08-19
INDVOTER101875,Gagan Balay,63,Other,9331653838,gaganbalay955418@outlook.com,"799, Dhingra Nagar, Aurangabad 706389",Madhya Pradesh,940215,214482109772,2017-01-10
INDVOTER101679,Aarush Babu,56,Other,9259603450,aarushbabu956268@gmail.com,"H.No. 146, Karnik Zila, Anantapuram 270889",Uttar Pradesh,853269,542753786045,2022-08-24
INDVOTER101697,Keya Baral,22,Male,9807509558,keyabaral957350@outlook.com,"H.No. 428, Bains Nagar, Ulhasnagar-967972",Manipur,731524,225587316003,2016-10-22
INDVOTER101873,Tanmayi Gour,81,Male,9829318766,tanmayigour958581@gmail.com,"57/09, Gokhale, Noida-298851",Telangana,302977,531043358141,2019-03-27
INDVOTER101625,Unni Rama,47,Other,9355108010,unnirama959121@gmail.com,"H.No. 42, Nazareth Ganj, Panchkula-025381",Assam,684462,326758219270,2019-10-19
INDVOTER101938,Amruta Mann,73,Other,9192578910,amrutamann960859@yahoo.com,"293, Madan Road, Allahabad-540401",Manipur,423356,904033062458,2017-09-03
INDVOTER101721,Krishna Bal,20,Other,9958826768,krishnabal961253@gmail.com,"H.No. 94, Bora Path, Kottayam 119373",Haryana,556414,982515904956,2017-05-24
INDVOTER101374,Raghav Nagarajan,39,Other,9250288458,raghavnagarajan962919@outlook.com,"340, Reddy Circle, Howrah 421270",Jharkhand,330829,368346241404,2015-03-04
INDVOTER101911,Qabil Bava,36,Other,9876445776,qabilbava963830@outlook.com,"279, D’Alia Circle, Kirari Suleman Nagar-328896",Odisha,236505,705263809865,2016-09-19
INDVOTER101403,Samarth Sinha,38,Other,9153440860,samarthsinha964296@gmail.com,"47/555, Sur Zila, Gudivada-638276",Assam,671887,179598233538,2018-06-04
INDVOTER100978,Nisha Rattan,19,Male,9712652580,nisharattan965479@outlook.com,"807, Saxena Path, Surat-298089",Meghalaya,133283,343119327259,2021-02-20
INDVOTER101680,Jagrati Virk,72,Male,9584150411,jagrativirk966687@gmail.com,"89, Sangha Path, Kavali-237749",Tamil Nadu,450825,450394688277,2022-04-07
INDVOTER101778,Mekhala Toor,28,Female,9227924047,mekhalatoor967507@yahoo.com,"17/683, Gade, Howrah 844765",Sikkim,521728,731581343526,2016-08-04
INDVOTER101594,Vritti Goel,30,Other,9911434343,vrittigoel968927@gmail.com,"82/949, Wagle Marg, Guna 892061",Uttar Pradesh,731017,841732391416,2021-04-28
INDVOTER101802,Mugdha Singhal,49,Female,9383103201,mugdhasinghal969710@gmail.com,"697, Nazareth, Muzaffarpur 207135",Gujarat,705108,335538278086,2015-03-09
INDVOTER101731,Nakul Mane,61,Male,9516870463,nakulmane970566@gmail.com,"22/967, Raman Path, Vijayanagaram 991546",Uttar Pradesh,219135,266547138312,2019-05-22
INDVOTER101764,Kamala Cheema,28,Female,9008427110,kamalacheema971408@outlook.com,"H.No. 189, Mitra Road, Dewas 673102",Andhra Pradesh,657858,108731758135,2023-09-26
INDVOTER101769,Sathvik Tak,23,Other,9144269792,sathviktak972688@gmail.com,"354, Prasad Circle, Bhubaneswar 782491",Himachal Pradesh,712986,414916281010,2019-01-07
INDVOTER101892,Adya Master,79,Male,9965995983,adyamaster973496@outlook.com,"86, Bal Road, Moradabad-152187",Jharkhand,098165,780037030902,2021-02-08
INDVOTER100995,Ekavir Saxena,37,Female,9464972981,ekavirsaxena974197@yahoo.com,"H.No. 51, Sood Nagar, Jamalpur-271196",Rajasthan,775425,556039202546,2018-11-24
INDVOTER101713,Faqid Iyer,39,Other,9997408772,faqidiyer975663@yahoo.com,"90, Basak Chowk, Nangloi Jat 801634",Andhra Pradesh,667821,039170095818,2015-01-09
INDVOTER101532,Daniel Madan,22,Other,9583717749,danielmadan976791@outlook.com,"H.No. 646, Malhotra Street, Nadiad 990188",Arunachal Pradesh,910429,601922588683,2018-07-05
INDVOTER101066,Hitesh Sidhu,54,Male,9093627389,hiteshsidhu977264@outlook.com,"744, Prabhakar Nagar, Surendranagar Dudhrej-257626",Punjab,945622,130019136448,2021-11-28
INDVOTER101150,Ekaraj Deshpande,30,Other,9967468876,ekarajdeshpande978920@gmail.com,"70, Sheth, Firozabad-666836",Gujarat,861162,031949981608,2022-04-03
INDVOTER101327,Henry Rau,46,Other,9944378897,henryrau97945@gmail.com,"76/01, Yogi Zila, Asansol-088058",Punjab,516731,741618974382,2021-04-16
INDVOTER101937,Chaaya Batta,30,Other,9774840332,chaayabatta980895@gmail.com,"69, Barman Zila, Salem-997642",Himachal Pradesh,957372,365895859905,2019-08-30
INDVOTER101378,Wishi Chada,79,Male,9270649494,wishichada98160@gmail.com,"H.No. 427, Nagar, Ahmednagar-970234",West Bengal,992685,323919133597,2019-07-31
INDVOTER101899,Brinda Singhal,60,Female,9303639579,brindasinghal982637@yahoo.com,"46/31, Chakraborty Ganj, Thanjavur 366113",Manipur,939783,990875837689,2023-01-06
INDVOTER101671,Panini Bahl,62,Male,9675293251,paninibahl983192@yahoo.com,"H.No. 79, Krishnan Nagar, Baranagar 570435",Sikkim,593943,621790351801,2018-06-02
INDVOTER101931,Victor Talwar,26,Other,9921750002,victortalwar984132@outlook.com,"H.No. 28, Varughese Road, Vijayawada-374748",West Bengal,299818,048238499390,2022-10-22
INDVOTER101326,Tamanna Mukherjee,75,Male,9163585326,tamannamukherjee98575@outlook.com,"H.No. 224, Sami Zila, Latur 664788",Kerala,635272,194384432633,2019-10-15
INDVOTER101504,Barkha Barad,34,Female,9528835946,barkhabarad986169@yahoo.com,"12, Raja Marg, Hyderabad-472949",Goa,257225,279816706847,2016-08-23
INDVOTER101491,Ryan Bahri,88,Male,9611791771,ryanbahri987552@gmail.com,"H.No. 517, Sachdev Ganj, Hazaribagh 293461",Punjab,707018,140160188310,2017-06-07
INDVOTER101901,Bhanumati Mukherjee,84,Female,9364642003,bhanumatimukherjee988140@yahoo.com,"H.No. 56, Kapadia Zila, Medininagar-745996",Odisha,666766,572760054650,2015-01-18
INDVOTER101714,Balendra Madan,70,Male,9720937079,balendramadan98918@outlook.com,"10, Grover Path, Tezpur 679029",Haryana,573154,774468360020,2019-06-21
INDVOTER101928,Alexander Agate,42,Female,9945874894,alexanderagate990142@yahoo.com,"04/95, Ravel Marg, Siliguri 399890",Goa,747317,698817035328,2020-03-15
INDVOTER101860,Jason Krishnan,87,Female,9705633602,jasonkrishnan99150@gmail.com,"52, Sehgal Chowk, Gangtok 934799",West Bengal,530390,362326142599,2020-01-07
INDVOTER101646,Noah Hayre,69,Female,9513598827,noahhayre992340@yahoo.com,"13/07, Jain Nagar, Erode 960568",Kerala,662051,643123732873,2019-11-26
INDVOTER101344,Vrishti Sachdeva,28,Other,9530949876,vrishtisachdeva99398@yahoo.com,"H.No. 566, Thakur Street, Chennai 251309",Kerala,060016,652160211224,2022-05-24
INDVOTER101710,Siddharth Cheema,49,Female,9271777619,siddharthcheema994218@gmail.com,"H.No. 823, Shenoy Path, Vasai-Virar-750257",Haryana,563571,044480158651,2020-11-13
INDVOTER101412,Aarini Mallick,67,Female,9929924760,aarinimallick995370@gmail.com,"99, Raj Nagar, Adoni 607709",Sikkim,254007,897412947155,2016-01-12
INDVOTER101966,Karan Palla,60,Male,9108139427,karanpalla996155@outlook.com,"421, Datta, Kurnool-158448",Mizoram,251699,659011655694,2020-01-07
INDVOTER101014,Tristan Sachar,61,Other,9844923244,tristansachar997801@yahoo.com,"30/561, Patil Nagar, Sangli-Miraj & Kupwad 852847",West Bengal,153210,374228256281,2015-03-04
INDVOTER101863,Nathan Butala,58,Other,9746421296,nathanbutala998974@gmail.com,"38, Mann Path, Siliguri-424398",Chhattisgarh,682886,456820612356,2015-01-21
INDVOTER101546,Jagat Baral,45,Female,9309066480,jagatbaral999553@yahoo.com,"74, Das Marg, Raebareli 851751",Assam,206436,154740446295,2015-09-19
INDVOTER101449,Bishakha Kari,27,Male,9876765201,bishakhakari1000590@gmail.com,"449, Lala Nagar, Tadipatri 577130",Goa,014252,373116508784,2015-04-21
INDVOTER101255,Zansi Kumar,40,Other,9628651122,zansikumar1001342@yahoo.com,"174, Mane, Warangal-282429",Meghalaya,375159,890477464682,2015-03-12
INDVOTER101628,Sanya Chaudry,69,Female,9066000609,sanyachaudry100287@outlook.com,"77/357, Hari Street, Tirupati 277574",Haryana,531746,827676687513,2017-08-23
INDVOTER101659,Adya Dixit,34,Other,9068688368,adyadixit1003892@yahoo.com,"H.No. 324, Nath Circle, Delhi 002242",Uttarakhand,060407,354489460775,2019-11-23
INDVOTER101910,Ekta Contractor,88,Male,9947888913,ektacontractor1004873@yahoo.com,"H.No. 690, Sura Circle, Dindigul-308371",Goa,988541,918679582123,2022-08-30
INDVOTER101181,Sai Sarraf,28,Other,9018884771,saisarraf1005343@gmail.com,"55, Cherian Chowk, Madanapalle 195302",Karnataka,695884,937844185640,2018-09-21
INDVOTER101766,Baghyawati Mand,32,Other,9096095420,baghyawatimand1006590@yahoo.com,"53/639, Apte Street, South Dumdum-530821",Arunachal Pradesh,542373,784245964105,2021-09-19
INDVOTER101353,Damyanti Ahluwalia,61,Female,9197056635,damyantiahluwalia1007999@gmail.com,"289, Chakraborty Chowk, Pudukkottai-042494",Kerala,034559,332887250782,2022-12-23
INDVOTER101484,Tanay Sen,74,Female,9418962734,tanaysen100836@outlook.com,"573, Trivedi Zila, Unnao-073743",Haryana,333440,201333782125,2021-07-19
INDVOTER101428,Chaman Chandra,80,Female,9344075652,chamanchandra1009960@gmail.com,"H.No. 77, Chana Circle, Nandyal-965706",West Bengal,306562,719984652343,2023-11-15
INDVOTER101498,Gaurang Narasimhan,43,Male,9371814082,gaurangnarasimhan1010976@yahoo.com,"09/63, Kadakia Road, Baranagar 722026",Jharkhand,621193,859383520703,2022-07-07
INDVOTER101961,Nakul Tripathi,68,Female,9083458616,nakultripathi1011634@outlook.com,"439, Mahal, Nandyal 789345",West Bengal,087187,399099230538,2022-02-17
INDVOTER101970,David Ray,49,Other,9073507553,davidray1012566@outlook.com,"80/90, Desai Chowk, Raurkela Industrial Township-904772",Manipur,842053,108168080473,2018-04-17
INDVOTER101460,Arin Sura,77,Other,9684289258,arinsura1013895@outlook.com,"H.No. 13, Goyal Chowk, Thanjavur 027930",Meghalaya,837575,189873609095,2015-04-15
INDVOTER101471,Ekansh Uppal,75,Other,9251185316,ekanshuppal1014607@yahoo.com,"63/91, Char Ganj, Bhiwandi 686958",Jharkhand,538928,593611314066,2015-10-13
INDVOTER101991,Max Bhatti,30,Male,9827268836,maxbhatti1015863@gmail.com,"H.No. 88, Padmanabhan Street, Thiruvananthapuram-586055",Uttar Pradesh,565401,676049775665,2018-10-16
INDVOTER101475,Kritika Walia,62,Male,9016519835,kritikawalia1016213@outlook.com,"85, Dara Zila, Bhagalpur 227933",Madhya Pradesh,569509,740913631478,2018-08-11
INDVOTER101953,Januja Gera,56,Other,9656371363,janujagera101790@outlook.com,"06/10, Thakur, Vasai-Virar 097352",Arunachal Pradesh,783859,079074989575,2021-10-13
INDVOTER101354,Raksha Guha,63,Male,9704449974,rakshaguha101897@outlook.com,"87/236, Narain Nagar, Kamarhati-107971",Arunachal Pradesh,219272,298329159392,2019-10-06
INDVOTER101597,Ranbir Prashad,42,Other,9901804569,ranbirprashad1019491@gmail.com,"71/77, Rama Ganj, Raebareli-916703",Himachal Pradesh,345490,403236579625,2020-06-02
INDVOTER101747,Nidra Kaul,30,Other,9410219323,nidrakaul1020389@gmail.com,"998, Sarin Path, Meerut 985403",Gujarat,747874,814676699867,2016-07-06
INDVOTER101642,Fiyaz Choudhry,74,Female,9641183791,fiyazchoudhry1021319@gmail.com,"131, Batta Nagar, Nanded 342838",Bihar,825374,019310335430,2018-09-03
INDVOTER101804,Odika Apte,37,Female,9591054413,odikaapte1022253@yahoo.com,"08, Srinivasan Zila, Orai 073470",Odisha,872794,446792159163,2016-10-09
INDVOTER101870,Hemang Gara,75,Male,9216440469,hemanggara1023660@yahoo.com,"442, Grewal Street, Jamalpur-077756",Madhya Pradesh,182411,671211704808,2015-05-16
INDVOTER101388,Meghana Desai,30,Female,9246794418,meghanadesai1024622@gmail.com,"785, Prakash Ganj, Berhampur 706247",Karnataka,722245,169848095513,2019-11-08
INDVOTER101148,Yashasvi Cherian,70,Male,9435736118,yashasvicherian1025915@outlook.com,"844, Sachdeva Street, Jodhpur-641003",Chhattisgarh,565077,279243366943,2019-10-19
INDVOTER101739,Vaishnavi Agarwal,39,Male,9458461931,vaishnaviagarwal102651@gmail.com,"816, Sunder Nagar, Mangalore 813537",Tamil Nadu,144644,741564287176,2023-03-14
INDVOTER101965,Warinder Boase,24,Male,9587590608,warinderboase1027920@outlook.com,"829, Memon Marg, Silchar 654107",Kerala,762393,631588795531,2023-06-30
INDVOTER101821,Wakeeta Varghese,56,Male,9017862746,wakeetavarghese1028645@outlook.com,"H.No. 718, Dalal Ganj, Kamarhati-987275",Assam,385765,530380970243,2023-04-19
INDVOTER101768,Panini Raja,64,Female,9007172262,paniniraja1029214@yahoo.com,"29/698, Agrawal Zila, Bhopal-077478",Punjab,378932,644775865046,2021-03-07
INDVOTER101952,Mekhala Zacharia,76,Female,9525141600,mekhalazacharia1030821@gmail.com,"H.No. 419, Walla, Sambhal-286236",Goa,124776,777713988464,2017-10-19
INDVOTER101920,Rehaan Oza,75,Female,9665749024,rehaanoza1031394@outlook.com,"H.No. 430, Shanker Road, Thrissur-994856",Manipur,538606,549192905491,2017-01-17
INDVOTER101808,Leena Munshi,60,Female,9374781093,leenamunshi1032643@outlook.com,"449, Choudhary Ganj, South Dumdum-738782",Goa,840649,787759780673,2015-11-26
INDVOTER101370,Yash Lad,46,Male,9798298886,yashlad1033331@yahoo.com,"05, Shan Road, Bharatpur 808015",Andhra Pradesh,740766,797845729650,2018-01-03
INDVOTER101969,Yoshita Shankar,63,Female,9549771856,yoshitashankar1034462@yahoo.com,"H.No. 55, Grover Zila, Vadodara 990828",Odisha,011194,608520429452,2016-06-29
INDVOTER101515,Rohan Patil,70,Female,9615471702,rohanpatil1035865@outlook.com,"60/87, Garde, Patna-490730",Tamil Nadu,816930,317886149911,2023-09-13
INDVOTER101676,Garima Seth,45,Male,9339730894,garimaseth1036541@outlook.com,"H.No. 392, Kurian Path, Etawah 554449",West Bengal,824737,809523007672,2021-02-04
INDVOTER101125,Brijesh Divan,52,Other,9848681323,brijeshdivan1037712@outlook.com,"H.No. 641, Babu Street, Sirsa 511736",Chhattisgarh,273169,176463337198,2021-09-24
INDVOTER101192,Noah Saxena,87,Male,9415783216,noahsaxena1038250@yahoo.com,"26, Narayanan Chowk, Giridih-973915",Maharashtra,455736,024319869314,2017-01-28
INDVOTER101982,Michael Kala,20,Other,9458529112,michaelkala1039123@outlook.com,"H.No. 63, Palla Ganj, Surendranagar Dudhrej 439008",Himachal Pradesh,178717,793422816258,2018-03-06
INDVOTER101995,Megha Kakar,67,Other,9884736994,meghakakar1040919@outlook.com,"458, Bhavsar Circle, Aligarh 118178",Haryana,103237,876944864486,2018-10-09
INDVOTER101502,Sneha Mandal,57,Female,9495592823,snehamandal104159@outlook.com,"82/92, Chauhan Ganj, Ballia 502973",Telangana,254813,542472359932,2017-07-09
INDVOTER101810,Lakshmi Swaminathan,77,Male,9199453388,lakshmiswaminathan1042567@outlook.com,"H.No. 87, Purohit Marg, Serampore 258241",Manipur,166055,451160468702,2023-02-15
INDVOTER102021,Mason Ahluwalia,44,Male,9140171776,masonahluwalia1043750@gmail.com,"H.No. 35, Guha Circle, Ramgarh 265719",Meghalaya,102253,470737994526,2016-03-28
INDVOTER101409,Atharv Suri,86,Female,9254412546,atharvsuri1044106@outlook.com,"H.No. 29, Anand Chowk, Belgaum-028714",Jharkhand,434217,104611951843,2019-05-31
INDVOTER101457,Yadavi Sinha,87,Female,9497743814,yadavisinha1045119@gmail.com,"H.No. 11, Bora, Ulhasnagar 867200",Uttar Pradesh,128252,400468676831,2023-04-23
INDVOTER101835,Tripti Doshi,43,Female,9812635488,triptidoshi1046544@outlook.com,"H.No. 928, Sachdeva Road, Patna 233246",Jharkhand,189988,071128427838,2022-10-20
INDVOTER101273,Gavin Dhar,51,Male,9955953574,gavindhar1047261@gmail.com,"76, Krishnan Road, Vellore 562532",Haryana,799087,638822411603,2015-10-05
INDVOTER101638,Faraj Sidhu,68,Other,9210304621,farajsidhu104811@yahoo.com,"17, Chadha Zila, Aurangabad-582353",Jharkhand,908763,614764131181,2022-10-18
INDVOTER101825,Joshua Oza,53,Male,9685739998,joshuaoza1049842@yahoo.com,"73/60, Narang, Darbhanga 991199",Nagaland,482532,491692036926,2023-06-14
INDVOTER101706,Aahana Walia,78,Female,9497667450,aahanawalia1050358@outlook.com,"17, Sani Marg, Vijayawada 104746",Manipur,410436,244651069110,2018-12-03
INDVOTER101355,Xiti Gade,76,Other,9488023126,xitigade1051244@gmail.com,"210, Chauhan Marg, Jalgaon 847737",Manipur,766561,044197466589,2023-01-21
INDVOTER101921,Balvan Sankar,44,Other,9181717078,balvansankar1052299@outlook.com,"H.No. 648, Krish Nagar, Mango 910634",Tripura,309862,153255165219,2019-02-12
INDVOTER101849,Ekanta Bava,34,Other,9961433649,ekantabava1053591@gmail.com,"71, Kibe Nagar, Jehanabad-439499",Tamil Nadu,442680,792985203676,2015-02-19
INDVOTER101631,Mason Patel,49,Other,9655676924,masonpatel1054512@outlook.com,"74/311, Yohannan Marg, Chandigarh 572528",Himachal Pradesh,679978,212576696566,2022-09-27
INDVOTER101948,Parth Sekhon,87,Male,9880439574,parthsekhon1055845@outlook.com,"454, Reddy Ganj, Bhilai 757579",Odisha,644561,320210515394,2018-01-12
INDVOTER101682,Manya Kapadia,25,Male,9521851271,manyakapadia1056830@outlook.com,"67, Gulati Ganj, Chennai 978184",Kerala,203909,799336522980,2022-09-12
INDVOTER101929,Orinder Kalla,48,Female,9190550233,orinderkalla1057843@outlook.com,"20/94, Tara Circle, Nagpur-825582",Meghalaya,852497,651453923375,2022-07-06
INDVOTER101861,Alka Madan,41,Male,9713798290,alkamadan1058224@outlook.com,"H.No. 90, Dar Street, Mahbubnagar 640242",Manipur,540345,551223093681,2016-10-05
INDVOTER101801,Raksha Tak,37,Other,9177050985,rakshatak1059599@outlook.com,"50/62, Yohannan Street, Bettiah 317122",Punjab,903411,071235071044,2016-06-24
INDVOTER101598,Jairaj Mohanty,82,Other,9696670738,jairajmohanty1060306@gmail.com,"95/820, Soni Chowk, Amroha 208160",Jharkhand,022635,702927218613,2018-05-28
INDVOTER101637,Shaurya Chowdhury,31,Female,9471716590,shauryachowdhury1061963@yahoo.com,"29/044, Swaminathan Marg, Srikakulam-714269",Rajasthan,239669,798919860372,2022-10-23
INDVOTER101486,Arjun Thakur,50,Female,9990455625,arjunthakur1062490@yahoo.com,"78/83, Raghavan Chowk, Raebareli-351921",Kerala,240677,482340742838,2021-09-17
INDVOTER101818,Darsh Bali,42,Female,9041503665,darshbali1063798@outlook.com,"85, Dass Chowk, Kadapa-919002",Mizoram,694066,365442733297,2018-08-17
INDVOTER101973,Advika Soni,71,Other,9050761213,advikasoni1064222@gmail.com,"H.No. 62, Dewan Marg, Berhampur 846327",Uttar Pradesh,764786,971318195486,2019-07-10
INDVOTER102014,Tristan Rama,39,Other,9683523175,tristanrama1065896@yahoo.com,"174, More Street, Nagpur 018009",Punjab,379549,926201031096,2015-10-31
INDVOTER102039,Wridesh Bhatia,61,Other,9162059965,wrideshbhatia106661@yahoo.com,"H.No. 576, Wagle Zila, Hubli–Dharwad 873143",Assam,602821,815083333693,2017-04-23
INDVOTER101904,Dhriti Rajan,62,Male,9788121248,dhritirajan1067933@yahoo.com,"H.No. 031, Mohanty Ganj, Mehsana 571057",Chhattisgarh,046300,029429262365,2022-03-09
INDVOTER101669,Mugdha Gopal,35,Female,9126414245,mugdhagopal106837@gmail.com,"H.No. 063, Ramaswamy Circle, Haldia 800901",Punjab,656666,976794869514,2016-04-01
INDVOTER102037,Varenya Chaudhry,29,Female,9079910402,varenyachaudhry1069631@gmail.com,"H.No. 165, Singh Marg, Ujjain-089422",Kerala,939158,117526204906,2022-03-16
INDVOTER101828,Ishita Srivastava,63,Female,9814959253,ishitasrivastava1070261@yahoo.com,"H.No. 561, Mahajan, Orai 073358",Punjab,201862,072209495821,2022-09-14
INDVOTER101886,Ekantika Thaker,73,Male,9295949656,ekantikathaker1071396@outlook.com,"56/332, Pingle Nagar, Ajmer 167564",Andhra Pradesh,483048,217033710689,2015-06-27
INDVOTER101082,Nathan Lal,52,Male,9237020059,nathanlal1072260@gmail.com,"80/447, Khatri Nagar, Guna 150174",Rajasthan,717504,649778726349,2021-11-22
INDVOTER101864,Harita Palan,30,Female,9073651257,haritapalan1073534@outlook.com,"H.No. 369, Nigam, Kanpur 612537",Odisha,552832,573024363845,2018-03-13
INDVOTER101730,Quincy Rattan,27,Other,9981484082,quincyrattan1074263@gmail.com,"973, Bora Street, Cuttack-038109",Haryana,773257,240239434839,2015-05-21
INDVOTER102042,Tristan Banerjee,72,Male,9567167296,tristanbanerjee1075853@outlook.com,"03/09, Batta Path, Anand 273380",Arunachal Pradesh,760533,008266657417,2018-06-08
INDVOTER101592,Shivansh Sagar,25,Male,9879985946,shivanshsagar1076314@yahoo.com,"H.No. 762, Uppal Street, Amritsar 210507",Uttarakhand,489932,019210982395,2018-01-23
INDVOTER101205,Adweta Joshi,87,Female,9751311749,adwetajoshi1077772@gmail.com,"69/463, Bajwa Chowk, Unnao-267697",Kerala,484428,070540288642,2020-05-29
INDVOTER101624,Bahadurjit Chaudry,53,Male,9877964620,bahadurjitchaudry1078471@yahoo.com,"47/608, Chana Street, Silchar 385511",Madhya Pradesh,756399,294141192376,2018-07-01
INDVOTER101923,Umang Talwar,59,Female,9858131922,umangtalwar1079901@gmail.com,"21/058, Mahal Circle, Bidhannagar-884249",Karnataka,633560,128878369441,2023-05-19
INDVOTER101494,Ekantika Sura,26,Female,9071442379,ekantikasura1080104@yahoo.com,"38/64, Nayak Nagar, Rourkela 182264",Madhya Pradesh,593377,869483274302,2015-06-23
INDVOTER101463,Edhitha Narula,55,Other,9554907740,edhithanarula1081935@gmail.com,"69/13, Chakraborty Street, Burhanpur 520667",Andhra Pradesh,514594,880111082704,2020-08-26
INDVOTER101743,Rajeshri Kamdar,59,Male,9031630331,rajeshrikamdar1082413@yahoo.com,"36/580, Bahri, Guna 816844",Assam,508142,403912167351,2022-06-29
INDVOTER102075,Omisha Bhatt,61,Other,9358854074,omishabhatt1083976@gmail.com,"H.No. 060, Pathak Road, Jalna 224089",West Bengal,782344,650531592871,2020-07-07
INDVOTER102079,Mitali Munshi,60,Female,9601035841,mitalimunshi108424@yahoo.com,"49/45, Jain Zila, Khammam-130494",Karnataka,827167,650908486999,2019-04-01
INDVOTER101856,Yuvraj Hari,20,Male,9901613921,yuvrajhari1085226@outlook.com,"87/50, Jha Circle, Lucknow 405019",Sikkim,448621,900252107191,2019-06-29
INDVOTER101932,Hiral Chakraborty,41,Other,9792843355,hiralchakraborty1086571@outlook.com,"H.No. 046, Mangat Path, Tirupati 391890",Gujarat,129536,771029570235,2021-04-20
INDVOTER102022,Nathan Kakar,81,Male,9139001359,nathankakar1087250@yahoo.com,"H.No. 208, Rajagopalan Marg, Tadipatri-582254",Maharashtra,064557,948947115010,2018-04-06
INDVOTER101918,Bhavani Vora,27,Female,9231361450,bhavanivora1088541@gmail.com,"91/88, Amble Ganj, Secunderabad-530470",Jharkhand,569882,890348101691,2019-12-27
INDVOTER101914,Karan Palla,20,Male,9165204886,karanpalla1089460@outlook.com,"822, Thaman Zila, North Dumdum 804580",Punjab,210753,815577144587,2021-05-18
INDVOTER101169,Idika Sastry,75,Female,9963417979,idikasastry1090167@outlook.com,"41, Issac Zila, Madhyamgram 359267",Sikkim,103370,503483714731,2022-11-21
INDVOTER101852,Om Dash,87,Male,9238323727,omdash1091529@gmail.com,"H.No. 694, Bobal Chowk, Faridabad-919940",Rajasthan,422393,865111396687,2015-12-06
INDVOTER102051,Gautam Deshmukh,82,Other,9931640111,gautamdeshmukh1092889@outlook.com,"15/59, Toor Marg, Darbhanga 277767",Mizoram,204300,945144622458,2016-03-27
INDVOTER101753,Yashawini Soni,89,Female,9827588279,yashawinisoni1093475@yahoo.com,"518, Pai Street, Mangalore-616428",Punjab,098351,378179614769,2018-09-27
INDVOTER101980,Mohini Borde,73,Female,9479521357,mohiniborde1094601@yahoo.com,"899, Tripathi Path, Kochi 818550",Meghalaya,788323,733454285655,2016-01-04
INDVOTER101522,Mahika Randhawa,34,Female,9126581470,mahikarandhawa1095721@gmail.com,"22, Upadhyay Marg, Pali 922234",Chhattisgarh,880801,726712051852,2020-09-27
INDVOTER101811,Sathvik Karan,48,Other,9292587824,sathvikkaran1096308@gmail.com,"H.No. 42, Batta Circle, Tinsukia 617143",Chhattisgarh,195512,775771470646,2019-10-11
INDVOTER101688,Ansh Keer,24,Other,9314862329,anshkeer1097643@yahoo.com,"H.No. 34, Kadakia Ganj, Varanasi-501308",Bihar,601165,682680730515,2022-08-04
INDVOTER101822,Vrinda Jani,44,Female,9757042139,vrindajani1098348@outlook.com,"H.No. 373, Kumar Path, Mehsana 580398",Uttarakhand,536777,440782019783,2016-01-30
INDVOTER101771,Bhanumati Bhat,64,Female,9366450718,bhanumatibhat1099557@yahoo.com,"H.No. 610, Gour Zila, Shimoga 470013",Jharkhand,773907,032664570301,2015-06-23
INDVOTER101736,Chavvi Upadhyay,30,Male,9302495297,chavviupadhyay1100575@gmail.com,"H.No. 63, Batra Nagar, Tadipatri-191093",Tamil Nadu,743878,867417654991,2017-09-17
INDVOTER101528,Varenya Sachdev,33,Female,9028622885,varenyasachdev1101724@gmail.com,"693, Jha Circle, Kottayam 243215",Chhattisgarh,534291,831238412370,2017-07-06
INDVOTER101562,Lila Khurana,54,Other,9669521072,lilakhurana1102675@gmail.com,"671, Srinivasan Marg, Firozabad 800396",Andhra Pradesh,972732,152619425555,2016-02-14
INDVOTER101837,Neel Garde,73,Other,9726096595,neelgarde1103186@gmail.com,"82, Kapur, Adoni 218559",Odisha,594701,587966074153,2017-01-25
INDVOTER101499,Ekapad Kanda,84,Other,9634991050,ekapadkanda1104679@outlook.com,"H.No. 22, Koshy Zila, Latur-679288",Mizoram,586941,923897611307,2015-06-30
INDVOTER102009,Brijesh Tripathi,76,Female,9372704538,brijeshtripathi1105725@outlook.com,"H.No. 032, Char Street, Tezpur 970538",Chhattisgarh,307684,944117755379,2022-02-06
INDVOTER101967,Rohan Trivedi,38,Male,9828979926,rohantrivedi1106429@outlook.com,"H.No. 940, Swamy Ganj, Chapra 684321",Himachal Pradesh,771146,962442748722,2020-03-04
INDVOTER101512,Jairaj Pillay,89,Female,9325374220,jairajpillay1107147@gmail.com,"160, Chadha Road, Durgapur 392631",Uttar Pradesh,344138,702469729360,2021-01-01
INDVOTER101436,Anay Badami,50,Other,9453910510,anaybadami110863@outlook.com,"94/217, Verma Marg, Thanjavur 304991",Madhya Pradesh,461192,331638706023,2019-04-21
INDVOTER101140,Agastya Tank,62,Other,9173089338,agastyatank1109824@gmail.com,"01/68, Mangal Chowk, Nagaon 938297",Arunachal Pradesh,118589,116984863843,2019-12-29
INDVOTER101979,Januja Garg,61,Male,9551814257,janujagarg1110389@gmail.com,"22/911, Parsa Chowk, Nadiad-542506",Arunachal Pradesh,075859,490186439396,2023-06-17
INDVOTER101842,Vedant Seth,40,Male,9981733872,vedantseth1111307@outlook.com,"72/53, Savant Zila, Faridabad-374293",Andhra Pradesh,417075,316572970490,2018-10-11
INDVOTER101945,Nilima Aurora,21,Other,9779891966,nilimaaurora1112201@yahoo.com,"07, Madan Street, Muzaffarpur 076561",Kerala,417581,062879240780,2015-10-23
INDVOTER101487,Jeet Mani,57,Other,9504032725,jeetmani1113252@yahoo.com,"417, Rau Circle, Bhubaneswar 873327",Uttar Pradesh,340452,053020254150,2016-11-09
INDVOTER101288,Tejas Mand,53,Other,9837130587,tejasmand111464@outlook.com,"76, Mutti Road, Kirari Suleman Nagar-963466",West Bengal,885292,016067963474,2019-08-02
INDVOTER101845,Bhavna Keer,24,Male,9605934600,bhavnakeer1115517@gmail.com,"96/415, Soman Marg, Satara-818434",Goa,906808,494282921862,2020-05-17
INDVOTER101695,Xalak Gara,52,Other,9998697877,xalakgara1116415@outlook.com,"83, Chaudry Circle, Raebareli-431272",Meghalaya,443069,873851174858,2020-10-04
INDVOTER101836,Samuel Wable,90,Female,9507328080,samuelwable1117345@gmail.com,"721, Dalal Chowk, Bangalore-686579",Maharashtra,180846,189454503509,2016-12-16
INDVOTER102095,Riya Gill,30,Other,9357184919,riyagill1118182@yahoo.com,"58, Nagar Road, Thane 306837",Chhattisgarh,387538,985378722759,2017-11-26
INDVOTER101268,Raagini Deshmukh,30,Other,9952539871,raaginideshmukh1119429@gmail.com,"71, Varty Chowk, Imphal-492258",Madhya Pradesh,389288,705493342548,2017-12-22
INDVOTER101683,Aadi Badami,80,Male,9310517499,aadibadami1120252@outlook.com,"H.No. 795, Manda, Coimbatore-754115",Assam,984223,235402662792,2019-07-07
INDVOTER101829,Advay Sahota,27,Male,9986440469,advaysahota112172@gmail.com,"63, Koshy Path, Tumkur-844422",Assam,577644,400286760421,2023-02-16
INDVOTER101193,Ekavir Sami,20,Male,9240475661,ekavirsami1122849@outlook.com,"H.No. 229, Sunder Nagar, Nashik 004380",Uttar Pradesh,454271,381766638091,2023-01-31
INDVOTER101740,Ikbal Kamdar,63,Other,9134122751,ikbalkamdar1123774@yahoo.com,"H.No. 183, Luthra Nagar, Rewa-121928",Sikkim,250846,604993173483,2016-11-29
INDVOTER102108,William Gera,21,Male,9291280641,williamgera1124894@outlook.com,"H.No. 77, Kala Ganj, Ambarnath 031863",Tamil Nadu,544539,136701606017,2018-03-29
INDVOTER101720,Mitesh Kalita,74,Male,9269160164,miteshkalita1125699@gmail.com,"85/63, Magar Nagar, Unnao 914440",Punjab,344323,936123072877,2020-04-25
INDVOTER101405,Saanvi Bobal,87,Other,9721312718,saanvibobal1126763@yahoo.com,"13/60, Bhatti Chowk, Kulti-631014",Punjab,493992,818317789517,2022-03-01
INDVOTER101301,Harinakshi Chaudhari,59,Female,9009063308,harinakshichaudhari1127616@gmail.com,"H.No. 36, Vig Marg, Morena 677786",Telangana,679178,303866183674,2023-07-11
INDVOTER102109,Unnati Nagar,66,Male,9091763784,unnatinagar1128509@yahoo.com,"H.No. 349, Andra Street, Tumkur 206035",West Bengal,054406,364241484990,2020-10-07
INDVOTER101850,Michael Kunda,67,Male,9831731297,michaelkunda1129713@outlook.com,"316, Walla Street, Sasaram-572974",Telangana,275006,271779502447,2022-01-09
INDVOTER101395,Jagvi Dugar,60,Male,9654536657,jagvidugar1130435@outlook.com,"71, Bhattacharyya Path, Loni 709870",Odisha,178780,150435845883,2023-05-24
INDVOTER101332,Qadim Kara,50,Female,9402044237,qadimkara1131657@yahoo.com,"H.No. 51, Mammen Marg, Moradabad 466398",Tamil Nadu,901275,342978459819,2022-01-20
INDVOTER101587,Baljiwan Singh,37,Female,9057744504,baljiwansingh113279@yahoo.com,"33/89, Sant Nagar, Narasaraopet-248193",Tripura,414514,217542241696,2019-11-13
INDVOTER101813,Darsh Raj,20,Male,9963863881,darshraj1133950@yahoo.com,"77/715, Pau Chowk, Farrukhabad 329539",Manipur,876487,885972170157,2019-04-04
INDVOTER101824,Gauri Baral,20,Other,9885694710,gauribaral1134427@yahoo.com,"H.No. 865, Dasgupta Nagar, Ranchi 132276",Rajasthan,215957,920144753820,2023-09-02
INDVOTER101867,Kevin Gole,83,Male,9353826401,kevingole1135663@yahoo.com,"72, Bhagat Circle, Surendranagar Dudhrej-644286",Mizoram,698718,553426541325,2015-12-14
INDVOTER101366,Harinakshi Bose,21,Female,9538178294,harinakshibose1136531@gmail.com,"28, Saraf Ganj, Bhatpara-445794",Maharashtra,902066,660076667031,2017-03-02
INDVOTER101831,Rachana Basu,18,Female,9584184697,rachanabasu1137704@outlook.com,"06/86, Kannan, Vellore 934183",Karnataka,047231,133840806272,2023-03-31
INDVOTER101826,Teerth Sant,52,Female,9864034221,teerthsant1138133@yahoo.com,"58, Walla Circle, Bijapur-343572",Goa,324973,880720709476,2018-06-28
INDVOTER101634,Nidra Rege,35,Other,9264741263,nidrarege1139762@gmail.com,"H.No. 634, Hari Circle, Gandhidham-314170",Goa,565249,338580797093,2016-03-14
INDVOTER101478,Tanveer Deol,28,Other,9546542121,tanveerdeol1140695@yahoo.com,"40, Hans Circle, Katihar-756547",Meghalaya,485938,073423773698,2016-06-18
INDVOTER102002,Balendra De,42,Female,9902630318,balendrade1141795@outlook.com,"65/00, Chaudhry Circle, Malegaon 791754",West Bengal,467986,187461503828,2016-01-23
INDVOTER102128,Irya Dube,25,Other,9866286345,iryadube1142960@gmail.com,"H.No. 99, Dugal Road, Tenali 337058",Odisha,731598,690756908087,2018-07-14
INDVOTER101454,Mitali Jaggi,76,Other,9430276409,mitalijaggi1143469@outlook.com,"H.No. 226, Lalla Nagar, Chennai 724042",Uttarakhand,608053,255809632484,2019-12-27
INDVOTER101841,Brijesh Sidhu,63,Male,9706241579,brijeshsidhu1144340@yahoo.com,"87, Lad Nagar, Moradabad-889649",Mizoram,812205,327786738986,2022-11-29
INDVOTER101660,Quincy Datta,45,Male,9312166896,quincydatta1145895@outlook.com,"H.No. 12, Ram, Narasaraopet-397057",Mizoram,653596,645388787879,2015-10-20
INDVOTER101566,Odika Bal,27,Male,9308942942,odikabal1146255@outlook.com,"H.No. 35, Suri Marg, Belgaum 368416",Madhya Pradesh,530297,868257361659,2018-07-28
INDVOTER101308,Jyoti Pandit,29,Female,9423446113,jyotipandit1147913@yahoo.com,"H.No. 503, Hari Road, Etawah-348859",Sikkim,196473,696067276329,2015-11-23
INDVOTER101595,Vrishti Balasubramanian,83,Other,9153438314,vrishtibalasubramanian1148921@yahoo.com,"H.No. 75, Natt Road, Madanapalle 594597",Sikkim,119126,022761088843,2019-09-21
INDVOTER101984,Chameli Deol,65,Female,9200188966,chamelideol1149634@gmail.com,"H.No. 618, Khare Chowk, Hazaribagh-251505",Bihar,822783,434736763607,2021-04-08
INDVOTER101812,Gautam Nadkarni,50,Other,9144931120,gautamnadkarni1150163@outlook.com,"51/66, Sodhi, Saharanpur 686801",Uttarakhand,838697,309130167615,2020-12-12
INDVOTER102034,Widisha Murty,38,Female,9806352157,widishamurty1151916@yahoo.com,"258, Chandran Nagar, Chinsurah-883084",Jharkhand,368306,770673732327,2016-09-02
INDVOTER101767,Qarin Nanda,27,Female,9315379155,qarinnanda1152280@gmail.com,"H.No. 865, Dugal Marg, Bokaro-287784",Sikkim,199455,675449291198,2015-04-01
INDVOTER101962,Krish Bajaj,85,Other,9166748349,krishbajaj1153389@gmail.com,"H.No. 867, Hayer Ganj, Giridih 667721",Mizoram,770201,091716806312,2018-07-26
INDVOTER101677,Vasana Venkatesh,23,Female,9233866999,vasanavenkatesh1154613@yahoo.com,"H.No. 682, Dave Road, Srikakulam-357161",Haryana,049133,934088835580,2023-05-28
INDVOTER101712,Vrishti Shanker,46,Male,9777002633,vrishtishanker1155259@yahoo.com,"H.No. 178, Bandi Road, Amaravati 701309",Gujarat,962054,529745464624,2017-11-04
INDVOTER102136,Vihaan Dhar,87,Other,9553974970,vihaandhar1156426@yahoo.com,"125, Bera Nagar, Gangtok 454732",Kerala,537537,376335384621,2020-10-08
INDVOTER101391,Laban Chauhan,65,Female,9917631856,labanchauhan1157197@yahoo.com,"167, Narula Path, Jammu 354212",Karnataka,295603,253890773657,2018-09-02
INDVOTER101569,Mohammed Lalla,37,Female,9856107456,mohammedlalla115864@outlook.com,"H.No. 96, Chaudhary Road, Rohtak 809837",Manipur,171162,868448833217,2018-09-01
INDVOTER101317,Tanish Sama,27,Male,9117634123,tanishsama1159587@outlook.com,"H.No. 02, Chandra Marg, Sikar-226591",Jharkhand,797111,853058808804,2017-03-05
INDVOTER101999,Simon Hayre,68,Male,9231147075,simonhayre1160458@outlook.com,"H.No. 152, Dave Marg, Surat 497698",Rajasthan,090871,852222950406,2020-10-15
INDVOTER101894,Dayamai Chadha,78,Male,9006919331,dayamaichadha1161209@gmail.com,"83, Lata Circle, Sultan Pur Majra 047083",Odisha,213117,072373646703,2022-02-10
INDVOTER101960,Ranveer Bora,47,Other,9842599886,ranveerbora1162835@gmail.com,"26/139, Mitter Path, Dharmavaram 649757",Jharkhand,951720,132684490518,2015-07-30
INDVOTER102088,Chaitanya Wagle,24,Male,9916109267,chaitanyawagle1163313@yahoo.com,"70, Jaggi Zila, Muzaffarpur 369788",Chhattisgarh,128909,232191710373,2022-01-15
INDVOTER102035,Waida Ravi,72,Female,9244867601,waidaravi1164301@gmail.com,"H.No. 85, Bala Chowk, Chinsurah-601058",Haryana,982702,568455656473,2022-12-15
INDVOTER101950,Yauvani Sridhar,31,Female,9917609908,yauvanisridhar1165935@outlook.com,"H.No. 94, Rau Circle, Alwar-788992",Kerala,772521,975352161233,2020-01-08
INDVOTER101558,Eesha Rao,53,Other,9380637505,eesharao1166993@outlook.com,"77/964, Bhatt Road, Ahmednagar 419266",Jharkhand,797716,118716092245,2022-03-12
INDVOTER101963,Gautami Nagar,30,Other,9814324741,gautaminagar1167290@outlook.com,"H.No. 842, Bhat Zila, Jammu-291720",Gujarat,331522,703723521078,2020-04-26
INDVOTER101858,Rushil Bumb,84,Other,9084766371,rushilbumb1168768@outlook.com,"H.No. 981, Desai Road, Mau 009705",Uttar Pradesh,667499,045988531177,2018-09-05
INDVOTER102083,Gopal Lad,44,Male,9435924109,gopallad1169982@gmail.com,"H.No. 79, Rai Path, Madurai-954421",Telangana,849761,272343864055,2021-06-10
INDVOTER101432,Nicholas Palla,36,Female,9475502502,nicholaspalla1170626@yahoo.com,"16/562, Karpe Road, Madhyamgram 039741",Haryana,902030,716262721587,2023-05-28
INDVOTER102049,Chameli Peri,70,Other,9909127088,chameliperi1171299@yahoo.com,"71/305, Gade, Guwahati 537985",Goa,932345,265803494885,2015-01-10
INDVOTER101951,Neha Issac,57,Other,9984147766,nehaissac1172153@yahoo.com,"H.No. 854, Ratta Street, Ratlam-145187",Tamil Nadu,281747,155088646330,2023-03-16
INDVOTER101521,Varsha Suresh,45,Other,9026707330,varshasuresh117310@gmail.com,"76/080, Sharma Street, Rajahmundry 170947",Andhra Pradesh,428196,835294707234,2023-10-02
INDVOTER102152,Warjas Kara,87,Female,9170912559,warjaskara1174628@gmail.com,"15/17, Suresh, Mangalore-139688",Tripura,182390,398608302265,2015-02-28
INDVOTER101434,Pranit Ganesh,84,Other,9416021693,pranitganesh1175176@yahoo.com,"89/652, Dhillon Nagar, Uluberia 354638",Manipur,450633,188080389989,2019-04-23
INDVOTER101650,Arin Brar,68,Other,9249535578,arinbrar1176804@outlook.com,"43/47, Pau Street, Kharagpur 258191",Bihar,078953,627428987409,2015-01-21
INDVOTER102068,Anya Misra,83,Female,9152001444,anyamisra1177447@yahoo.com,"12/79, Cherian Zila, Tinsukia-829137",Tamil Nadu,243615,736464478876,2020-02-27
INDVOTER101369,Jyoti Bhatt,77,Other,9382885179,jyotibhatt1178261@outlook.com,"772, Gulati Nagar, Bhiwani-729368",Tripura,504155,795032909453,2015-10-31
INDVOTER102141,Mohini Cherian,33,Male,9651584165,mohinicherian1179589@gmail.com,"08/167, Yadav, Shimoga 188492",Goa,639321,533121277163,2019-06-07
INDVOTER101943,Aarush Chadha,34,Male,9496916560,aarushchadha118099@gmail.com,"H.No. 74, Bajwa, Katihar 387858",Andhra Pradesh,894430,709609538582,2023-01-08
INDVOTER102166,Janaki Mandal,86,Other,9889226763,janakimandal1181708@outlook.com,"H.No. 02, Koshy Nagar, Ulhasnagar 512835",Assam,693435,701673532658,2023-07-09
INDVOTER101461,Siddharth Tata,81,Female,9900301444,siddharthtata1182680@gmail.com,"27/76, Swamy Path, Siliguri 273693",Kerala,482164,340432762321,2016-05-19
INDVOTER102100,Liam Chaudhari,61,Other,9299669241,liamchaudhari1183424@gmail.com,"95/717, Narayan Chowk, Bhilwara 452325",Tripura,773169,101215645506,2019-07-06
INDVOTER101981,Charles Khanna,29,Male,9725562837,charleskhanna1184361@gmail.com,"827, Borde Ganj, Bhusawal-548416",Jharkhand,830866,572125462096,2023-12-24
INDVOTER102098,Rachit Chawla,31,Female,9397260273,rachitchawla1185593@yahoo.com,"67/501, Balakrishnan Road, Akola-896652",Arunachal Pradesh,788085,286598399590,2017-06-15
INDVOTER101328,Harita Dixit,29,Female,9217458458,haritadixit1186681@outlook.com,"72/65, Saini Ganj, Aizawl 605313",Odisha,378491,407287510569,2020-09-25
INDVOTER101890,Yashoda Bhatnagar,76,Male,9553914996,yashodabhatnagar118734@gmail.com,"69, Date Zila, Siwan 910718",Telangana,655067,805769094747,2017-05-06
INDVOTER101959,Gavin Garde,77,Other,9020812941,gavingarde1188356@gmail.com,"H.No. 68, Som Ganj, Kanpur 648646",Tamil Nadu,783942,482272724377,2021-02-25
INDVOTER101988,Bhavini Rai,59,Female,9182976618,bhavinirai1189409@outlook.com,"H.No. 867, Yohannan Nagar, Rohtak 870195",Kerala,328584,142908239979,2020-03-28
INDVOTER101439,Brijesh Memon,45,Other,9125061043,brijeshmemon1190215@outlook.com,"06, Loke, Sangli-Miraj & Kupwad 853160",Andhra Pradesh,658458,996194107812,2019-08-10
INDVOTER102125,Abeer Kale,38,Other,9343041857,abeerkale1191616@yahoo.com,"972, Kota Marg, Nizamabad 509807",Uttar Pradesh,207450,551668632131,2015-03-12
INDVOTER101348,Wakeeta Arora,42,Female,9993564508,wakeetaarora1192565@outlook.com,"H.No. 00, Chowdhury Ganj, Tiruchirappalli-610148",Andhra Pradesh,512229,349655216905,2021-05-02
INDVOTER101754,Frederick Dubey,83,Other,9268515446,frederickdubey1193420@gmail.com,"00/601, Muni Chowk, Amritsar-390344",Gujarat,058459,741921313563,2016-08-10
INDVOTER101479,Qasim Singhal,30,Female,9221530176,qasimsinghal119496@outlook.com,"92, Merchant Marg, Agartala 211603",Madhya Pradesh,395211,526863941607,2015-08-29
INDVOTER101994,Varsha Halder,49,Male,9852510264,varshahalder1195888@outlook.com,"30/10, Iyengar, Tadepalligudem-857523",Maharashtra,795933,957726442268,2021-11-03
INDVOTER101372,Urishilla Din,33,Female,9141890416,urishilladin1196757@yahoo.com,"H.No. 98, Sehgal Street, Giridih 180922",Odisha,028993,248665256409,2017-03-03
INDVOTER101675,Fiyaz Shah,50,Other,9870303315,fiyazshah1197920@outlook.com,"57/14, Bawa Chowk, Dewas-929066",Mizoram,157181,770709781993,2023-08-29
INDVOTER101976,Vansha Radhakrishnan,44,Other,9662320121,vansharadhakrishnan1198224@yahoo.com,"00/41, Dhawan Ganj, Sikar 089559",Sikkim,596120,869266063606,2018-11-10
INDVOTER102064,Faras Nadkarni,90,Female,9571420114,farasnadkarni119967@yahoo.com,"H.No. 64, Thaker, Ratlam 228877",Jharkhand,535587,608020133408,2022-10-18
